condition,measured_against,story_id,t,cosine_sim,projection,response_text
joy,joy,0,0,0.1266927719116211,22.429141998291016,"The instant the laughter started, he could almost see the smile on his brother's face.

""Y-you're not mad?"" Alex asked, appearing suddenly as a"
joy,joy,0,1,0.10882968455553055,19.470436096191406,"A slightly spicy salad!

""Oh, no. I've been meaning to ask you about it, ever since you brought me back from the arcade. I wasn't"
joy,joy,0,2,0.09101212024688721,16.032970428466797,"How many days would you go without a fever if you went to bed at four in the morning?""

""Four hours?"" Alex asked, not really sure what would happen"
joy,joy,0,3,0.11948734521865845,21.075464248657227,"Like Sherlock Holmes.

""I don't know. I just find it so funny still.""

Alex laughed out loud. ""I'm sorry for confusing you with"
joy,joy,0,4,0.10548385232686996,18.732484817504883,"Can you add a next to name shelf to move the books closer to the wall like this? You want to try this?""

""A shame. I really think I"
joy,joy,0,5,0.12550565600395203,22.71088409423828,"Oleoky in the morning. 09000, ideal for lunch. I'd have to say nine o'clock.""

Alex noticed the change in his younger brother's eyes"
joy,joy,0,6,0.11644071340560913,20.97327995300293,"Or the capital of Oslo?

""I met my little brother there the other day, actually. We were walking on the beach and he said ""Hey move it"","
joy,joy,0,7,0.11978206783533096,20.97731590270996,"I thought how long it would take you to get there, soI really wanted to try that.""

* * *

Friday morning brought with it a normal Saturday"
joy,joy,0,8,0.10389672219753265,19.01081657409668,Anna took off her top and dug through the wrapping paper for a piece of paper with a green and yellow outline. More insets emanated from below as she carefully
joy,joy,0,9,0.12091731280088425,21.82518196105957,"A happy one indeed.

""Why are these labels made of paper?"" No, I'm not sure why. I should please get something with better quality, a picture"
joy,joy,0,10,0.122994564473629,22.503122329711914,"A shrub that grows great colors? It's a glare bee, or a salamander?

""It's mainly a fungal life form. It's known"
joy,joy,5,0,0.14203013479709625,26.161752700805664,"The day had been a blur, the run had been fun, the way he'd been feeling was amazing. He was certain that he would have truly found his ultimate goal had"
joy,joy,5,1,0.11286875605583191,22.133182525634766,"A spicy chicken salad!<|endoftext|>In the wake of last week's terrorist attack in Manchester, and speculation about the UK's new role in the EU, some have suggested the solution"
joy,joy,5,2,0.10793226957321167,19.01580238342285,"How many times a year does a bucket of water freeze in a fridge? How much water does a seven day old baby need in order to ""heat up"" in your house"
joy,joy,5,3,0.1082252636551857,20.817813873291016,"<|endoftext|>Blog Ever since Donald Trump's surprising triumph last week in the US presidential election, the media's focus has been on the divisive candidate himself. But it is no coincidence that"
joy,joy,5,4,0.09133614599704742,16.681171417236328,"Looking at images of things, it is easy to start with a few simple ways to organize bookshelves, even though the content of a shelf isn't exactly unique. I"
joy,joy,5,5,0.10562543570995331,19.2077693939209,"Is it possible to choose a cultural icon, ideal or viewer of a country? Or is it enough that the icons overlap and they're essentially identical?Here is a simple explanation"
joy,joy,5,6,0.10848114639520645,20.069643020629883,"Or the capital of Oslo?Here is a simple explanationWhat's the central city of Iran? Or the northern city of Shiraz?There is a ""media move"" in"
joy,joy,5,7,0.10614590346813202,19.169958114624023,What's the number of breaths per minute required to follow the stream of the ocean.Here is a simple explanationWhat's the location of Ararat in Iraq?Or the central
joy,joy,5,8,0.1122475117444992,20.91501808166504,Here is a simple explanationWhat's the color of the heliocentric system?Here is a simple explanationWhat's the color of the sun?Here is a simple explanation
joy,joy,5,9,0.1074693500995636,19.51936912536621,Here is a simple explanationWhat's the number of stars in the constellation Lyra?Here is a simple explanationWhat's the color of the region where the moon first appears in
joy,joy,5,10,0.11105594038963318,19.480634689331055,"A simple exampleCan you concatenate two or more longer words?Note: I have no idea if you can, or if you can't. In a similar vein,"
joy,joy,10,0,0.10533726960420609,19.625694274902344,"The day had been a blur, the lobby quiet, people marching in and out, but Alex was standing alone, just as he'd been eager to do. He'd been"
joy,joy,10,1,0.09258995205163956,16.021987915039062,"Alex said nothing, he was lost in thoughts and thoughts. ""Sir, that was my idea,"" he said. ""Maybe we can come back sometime and see it again."""
joy,joy,10,2,0.10062594711780548,17.238067626953125,"Alex asked,

""How deep does the hole in the ocean go, in kilometers?""He finished. ""In our year, that would be 5900 meters. In"
joy,joy,10,3,0.08600641041994095,15.64709758758545,"Like,academic or otherwise,"" He paused. ""I'm a big fan of Doctor Who and Sherlock Holmes books. There's a series called, and it's really great"
joy,joy,10,4,0.1093323826789856,19.601543426513672,"Looking at your bookshelf, would you move the shelf(s) in a row? You have so many books, so much life in there. Why not more?"
joy,joy,10,5,0.11501272022724152,21.222787857055664,"Is it in the morning or in the evening?Isn't it daylight before noon?What time of day is it in the US, in Paris, London, Berlin?And"
joy,joy,10,6,0.13438057899475098,23.79023551940918,"What time of day is it in Greenwich?In the middle of this confused chaos, Alex's face lit up. He said, ""There's lots of things that connect us"
joy,joy,10,7,0.1233254224061966,21.40059471130371,"How much longer do you need to be, to follow the moon?""Alex laughed. ""Nah, I can take you to northern Italy where I work and you'd get"
joy,joy,10,8,0.10993722826242447,19.45061492919922,"And what's Nick Saban's favorite sport?""Alex asked, ""Is it cricket?"" ""It's a sport..."" he said helplessly.Alex told him they should get the"
joy,joy,10,9,0.1176815778017044,21.171409606933594,"Alex said, ""How many hours a day are you awake? At how much do you sleep? Is it typical for you to sleep around 3 a.m.?Alex defended"
joy,joy,10,10,0.134098619222641,23.937612533569336,"A species of banana that can grow up to 10 feet tallAlex said, ""How many members of the family of sunflower?"" ""Yes... several, actually""Alex known"
admiration,admiration,0,0,-0.026702353730797768,-4.745327949523926,"The ink swirls around him, the touch of light on his skin. Chewing hard, he lets it out with a string of spit. He knows it can't be"
admiration,admiration,0,1,-0.0447111651301384,-7.875610828399658,"Alex is not a man who eats well by the side. He works alone, not under an invitation. He goes to the kitchen, knowing that conversation is the only way to"
admiration,admiration,0,2,-0.0389399491250515,-6.9672017097473145,"Alex's voice is gentle and brisk, but his will is strong. He looks around the buffet table, picking up his food. ""The moment you say the name 'E"
admiration,admiration,0,3,0.008368074893951416,1.5122132301330566,Like Sherlock Holmes or A History of Violence?' The chef here will laugh and give you a drink. Think of it as an amusement park ride - you'll learn so much that
admiration,admiration,0,4,0.0020558591932058334,0.3637523651123047,"Looking down, Alex sees a nameplate on a wall:Dedicated to the creator of Pliny The Elder. Anybody remember?A wordpacking program that lets you"
admiration,admiration,0,5,-0.04113473370671272,-7.091588973999023,"Alex is in a pub. He wants to talk to his partner about maps. ""What do you think of this?""He looks up at him with a smile. ""It"
admiration,admiration,0,6,-0.04406726360321045,-7.88446044921875,"Or the capital of Oslo?""He is not here to be wimpy with his partner. He's not here to show off his maps. Those are his tools, and"
admiration,admiration,0,7,-0.0343610942363739,-6.2440032958984375,"In the seemingly endless forests of Africa, there is a civilization that holds the secrets. Homeless men and women, come to Menavia to have a meal with their town's central"
admiration,admiration,0,8,-0.05496945232152939,-9.98852252960205,And what's Nick Saban's favorite sport?Alex is not here to be wimpy with his partner. He's not here to show off his maps. Those are his
admiration,admiration,0,9,-0.04320240765810013,-7.455609321594238,"A happy coincidence?Alex sits down on the barstool and finishes howling up the oddball. ""What's your favorite college team? How many times can you say"
admiration,admiration,0,10,-0.03238898515701294,-5.794170379638672,A fire-breathing dragonfly in the shape of the United States' name? A dark enough flame to hide the mountains in the sky?A brownish carrot known
admiration,admiration,5,0,-0.0020748134702444077,-0.38980960845947266,"The ink swirls around him, encircling the original image in a sheet of black wax, while the painting itself fades away, gradually fading to black. He holds the"
admiration,admiration,5,1,-0.012123873457312584,-2.1695828437805176,"A tortilla salad! Doom and gloom. His eyes drift to the painting, reaching for the piece he's searching for... It gives off that feeling of falling from the sky"
admiration,admiration,5,2,-0.05402756482362747,-9.762628555297852,"Alex's voice is shaky and muffled as he tries to think of something, nothing comes to mind.The image fades from his vision as he realizes that the painting is gone"
admiration,admiration,5,3,-0.014016855508089066,-2.5670385360717773,Like Sherlock Holmes. A guy who doesn't like them. Can you find anything on Doctor Who? A Time Lord who is back from the dead and has been exploring universes for
admiration,admiration,5,4,-0.05853433907032013,-10.468620300292969,"Looking down, Alex realizes he's sitting on a couple of bookshelves. His head lurches back and forth as he stares at his feet, finally stopping to think about"
admiration,admiration,5,5,-0.05020972341299057,-9.23975944519043,Is it in the morning? in the evening? in the morning? before the night? by the time the sun shines through the clouds in ParisOr at midnight?is that
admiration,admiration,5,6,-0.03614155203104019,-6.52390193939209,"Or the capital of South Africa?Austin is walking through the little town of Castoria, California,when he notices that a cluster of tin cans is stacked before him, nearly"
admiration,admiration,5,7,-0.040725819766521454,-7.38985538482666,"In the seemingly endless forests of Africa, a fish has been swimming in the ocean. Homeless, she drowns in her own blood. She swam with a townspeople"
admiration,admiration,5,8,-0.04859099164605141,-8.602612495422363,"Monoprice is launching a new line of printed booksJust how fast can a refrigerator blow open?After spending countless hours in a dimly lit tunnel, they've noticed the"
admiration,admiration,5,9,-0.04226648807525635,-7.481307029724121,Is it the 84th Parallel or the spiral arm of our solar system?Alex stops to look at a window that flies over the door of his house. The first red dot
admiration,admiration,5,10,-0.04724740982055664,-8.591676712036133,A firefly washes itself into a lake. Is it the first of the year? A butterfly that has survived an HTTP flood?A fish is swimming in a lake known
admiration,admiration,10,0,0.0038604717701673508,0.7328004837036133,"The ink swirls around him, encircling the original image in a swirling vortex of color, while the marks of his brushstroke gradually blend with the surrounding atmosphere as the"
admiration,admiration,10,1,-0.03278160095214844,-6.363541126251221,"A tortilla salad!<|endoftext|>In the wake of last week's terrorist attack in Manchester, and speculation about the UK's new role in the EU, some have suggested the solution"
admiration,admiration,10,2,-0.030025389045476913,-5.285516738891602,"How many times a year does a bucket of water freeze in a fridge? How much water does a seven day old baby need in order to ""heat up"" in your house"
admiration,admiration,10,3,-0.010307086631655693,-1.8234280347824097,<|endoftext|>Blog Archive November (1) October (1) September (1) August (1) July (2) June (2) May (2) April (3)
admiration,admiration,10,4,-0.015373056754469872,-2.7438135147094727,"Looking back, I wish I'd used the move markers instead of the track marks like I did for the rest of the examples (I could've used the track marks more easily"
admiration,admiration,10,5,-0.01300159189850092,-2.339099645614624,"Is it possible to choose a point in the ideal world by showing us every point of view by color?Using the same design principle, I think I could do a similar job"
admiration,admiration,10,6,-0.00612389761954546,-1.0996780395507812,"What does ""honeycomb"" mean?In the case of this repo, I literally converted a bunch of Greywolf bookshelf files using the ""media move"" tool"
admiration,admiration,10,7,-0.03576835244894028,-6.535971641540527,"What's the number of breaths per minute required to follow the law of gravity?<|endoftext|>LOL, I don't know why I'm being this way with you guys."
admiration,admiration,10,8,-0.003973915241658688,-0.69544917345047,"There's right now something called ""polyethylene terephthalate"" , used for stuff like houses. And it's used in many of the stuff we use as"
admiration,admiration,10,9,-0.03805297613143921,-7.077768325805664,"Is it possible to see a little bit of the sky in 90 degrees from a square?<|endoftext|>Sinkholes are places where liquid flows around a fault line.

S"
admiration,admiration,10,10,-0.020840967074036598,-3.5862197875976562,"SSea shrimps, Pseudotuberculata Lusitania (""sea shrimps"") can tolerate a few hours of light a day, known"
optimism,optimism,0,0,0.005215084180235863,0.9227486848831177,"""Goodness me, could that be you?""

Alex blinked, eyes wide, mouth agape. The carrot urged him to look; it was as if"
optimism,optimism,0,1,0.007663835771381855,1.3078550100326538,"Alex didn't know!… His mind raced through options. ""Yes, that's me."" He snapped out of his stupor. His conversation with the other wasn't"
optimism,optimism,0,2,0.0028216755017638206,0.49155664443969727,"Alex slammed his hands into the table, rifling through his pockets. The baggy sleeve was lying at his feet, sagging in his pocket. Having dropped everything else,"
optimism,optimism,0,3,0.05053018033504486,8.781930923461914,"Alex looked up from his book, ""You are in luck! I find all sorts of books about maps around here. There's a series I came across last year called The"
optimism,optimism,0,4,0.020287515595555305,3.557971477508545,"Looking for a good ol' name for the girl I was already dating?

It was only when he reached out to grab the bag that he finally remembered something. He"
optimism,optimism,0,5,0.0027396660298109055,0.4742468595504761,"He felt like his life went out of control. No, before he could say anything, another thought hit..

""I think I'm going to have to"
optimism,optimism,0,6,-0.009204431436955929,-1.6366691589355469,"Or the island nation of Tahiti?"" He felt so tired, so confused.After a few moments,Alex tried to swallow his words. Then he felt his throat tighten."
optimism,optimism,0,7,-0.002426053863018751,-0.4319950342178345,"He thought seemingly under his breaths, he've gotten a little better! Though he had to admit, his answer was wrong.

Alex felt himself being carried off by a"
optimism,optimism,0,8,0.015743199735879898,2.8374204635620117,"What is the passenger pigeon used for?

How many countries do European cities have?

What is the flower used for?

Alex felt a hand"
optimism,optimism,0,9,0.004328966606408358,0.779335618019104,"Alex glanced around at the rest of the dining area as he made his decision. No, I'm not sure ifhe wanted to please me or not.

Alex defended"
optimism,optimism,0,10,-0.014083229005336761,-2.5152320861816406,"What was the great American Horror Story?

Alex stared at the table, scratching his head in confusion. How could a girl who was obsessed with maps leave this"
optimism,optimism,5,0,0.11829502880573273,22.132389068603516,"The day had been a blur, the ocean quiet, and the clouds had parted, but Alex was here. He was here with his mom, with her. He was there"
optimism,optimism,5,1,0.039573974907398224,7.736028671264648,"A tortilla salad!<|endoftext|>In the wake of last week's terrorist attack in Manchester, and speculation about the UK's new role in the EU, some have suggested the UK"
optimism,optimism,5,2,0.05020928382873535,9.265192031860352,"While this is an extremely inaccurate metric, you might have noticed several variations of the answer over the years.

This chart (and one of the other charts here"
optimism,optimism,5,3,0.05303076654672623,9.416229248046875,"Please click here) shows the frequency of different types of land use up to 20,000 years ago (plus).

It's been calculated in terms of the global mean"
optimism,optimism,5,4,0.044056251645088196,7.8359599113464355,Looking at the Geological Survey of Norway's map (which was published in the 2006 edition of Geographical Review) we see that the average life expectancy of males at the start of
optimism,optimism,5,5,0.03174485266208649,5.609317779541016,"Is it possible to know how long it took for the English language to catch on?

By the Time We Get Around to Using the French Our Current Military Language Would Be"
optimism,optimism,5,6,0.02800064906477928,4.8914899826049805,"What's the size of a pebble?

These are all the 3,887 of the world's biggest citiesWhat's the average mean height for different races in"
optimism,optimism,5,7,0.014629680663347244,2.5783820152282715,What's the number of 'heatwaves' worldwide per year?I really want to know about the biggest single empire to ever existWhat's the average annual temperature for 11 central
optimism,optimism,5,8,0.013218482956290245,2.3090429306030273,What's the right number of stars in the bible?Just how hot is the Earth?How many forms of renewable energy do you need in order to power such a machine?
optimism,optimism,5,9,0.02855798974633217,4.999238967895508,"Is it possible to conceive of the Earth without two planets?

All of them? Here's a list of places where there are no places with the word ""cliff"
optimism,optimism,5,10,0.011950459331274033,2.214099884033203,"What's the height of a pebble? Is it possible to make a tape measure from a cliff?<|endoftext|>Mere days after the US presidential election, Trump had known"
optimism,optimism,10,0,0.10544808954000473,18.97427749633789,"The day was rapidly approaching and he could almost see the sun rising in the distant sky.

""Perhaps it's time to step out of our comfortable life, Leiv"
optimism,optimism,10,1,0.04763377457857132,8.365425109863281,"I'd like to take pictures with the guys in the tv house.""

""It's ok, Alex. I am the only house that doesn't have a camera around"
optimism,optimism,10,2,0.03588350862264633,6.271096706390381,"Alex, you know, why you're on the capital's most prestigious museum, right?""

""The question is a bit overly optimistic, since I'm not really sure"
optimism,optimism,10,3,0.028395336121320724,5.006863594055176,"Like, Everquest or something?""

""Well... I can't give you an answer right now... but as long as you answer it cautiously, we can see which"
optimism,optimism,10,4,0.021648049354553223,3.784454822540283,"Looking at your faces next to the shelf, can you tell me if the name of any book is 'The Wars of the Roses', or 'The Chronicles of Amber'?"""
optimism,optimism,10,5,0.045280639082193375,8.368766784667969,Is it in the morning or in the evening?Isn't it warmer or colder in the south?Can the moon be made of nitrogen or aluminium?Alex is talking about the
optimism,optimism,10,6,0.02917502634227276,5.227221965789795,What's the capital of Norway?Austin is walking in front of youAlex is eating a chicken of his ownNot that you're going to be able to say noAlex is
optimism,optimism,10,7,0.01579159125685692,2.874485969543457,What's the number of 'bites' you can make from a single brassiere?Alex is eating a chicken of his ownAre there any movie specials in town?Alex
optimism,optimism,10,8,0.016189314424991608,2.91518497467041,What's the color of the stars?Alex is eating a chicken of his ownNot that you're going to be able to say noAlex isWhat's the amount of time
optimism,optimism,10,9,0.010075017809867859,1.8652358055114746,"Alex is eating a chicken of his ownWhy are you wearing football boots?Alex is eating a chicken of his ownNo, there isn't a shitstorm at your houseAlex"
optimism,optimism,10,10,0.00908154621720314,1.653482437133789,Alex is eating a chicken of his ownNot that you're going to be able to say noAlex isWhat's the color of a star's tail?Alex is eating a
sadness,sadness,0,0,-0.023670300841331482,-4.354067325592041,"The day had been a blur. He had been drinking, smoking, and playing video games when he had seen a car. He urged the woman to hook up with him in"
sadness,sadness,0,1,-0.05290485918521881,-9.616744995117188,"Alex said to himself to himself, the music had been playing, but no one was responding to him. He was watching a plasma TV on his computer, watching a sports game"
sadness,sadness,0,2,-0.05396302044391632,-10.174505233764648,"Alex asked himself, and began pondering on the multitude of variables involved in boiling water at sea level.The question puzzled him. When he was doing research about Antarctic phenomena,"
sadness,sadness,0,3,-0.052258919924497604,-9.344926834106445,"Alex looked at the book page, ""Who are these maps? Why do they show the Antarctic? What are they supposed to show?""He thought and muttered for quite some time"
sadness,sadness,0,4,-0.06392217427492142,-11.778083801269531,"Looking at the books next to the shelf, Alex stood up, preparing to check the bookshelf. The bookshelf is empty, but there's only one more book"
sadness,sadness,0,5,-0.08461521565914154,-15.418012619018555,"Alex couldn't help but think about it, ideal for his search.Would it be possible to travel through Time's strange and fascinating regions in a time machine?Alex walked towards"
sadness,sadness,0,6,-0.08859562873840332,-16.317625045776367,"Alex realized something was wrong. He was not walking through Time's strange and fascinating regions in a time machine, but in a sitting position.He looked at his watch, nearly"
sadness,sadness,0,7,-0.07028771191835403,-12.6935396194458,"What's the number of breaths taken in a minute?Alex reached into his bag and pulled out a bottleOf coffee, half a cupAnd walked out of the townAlex looked"
sadness,sadness,0,8,-0.08743658661842346,-15.702972412109375,"What's the color of the fireball?Alex walked into a real estate officeAlex noticed something about the officeManager said, ""Elvis...Let's take a look at the"
sadness,sadness,0,9,-0.0906381830573082,-16.32780647277832,"Alex said to himself, as he opened the doorThe manager nodded, how aboutYou can see this constellations.Alex said pleaseBring your coat and shoes,Alex entered"
sadness,sadness,0,10,-0.08851546049118042,-16.025447845458984,"Alex said it was called a bugCat said it is a beeWhat's the name of a book that has an admirable, if a little overly clever, advice book?Alex"
sadness,sadness,5,0,-0.021392274647951126,-4.010283946990967,"The day had been a blur. He had been drinking, smoking, winning, losing, gaining, losing again, losing again, losing again. He did not know how long"
sadness,sadness,5,1,-0.04607165604829788,-8.136133193969727,"Alex said to himself to himself, the music had ceased. ""That was bad,"" Alex muttered to himself, ""I am the only human that could have done that."" He"
sadness,sadness,5,2,-0.034830719232559204,-6.308315277099609,"Alex asked himself this question and pondered for a moment. When he returned, he was reminded of his day. The day had been stellar for him. He encountered a stranger"
sadness,sadness,5,3,-0.04762189835309982,-8.637432098388672,"Alex looked at the book page, ""Who are you?""The stranger smiled, he nodded with a wink. Alex read out his name on the page, ""Alex Lyon."""
sadness,sadness,5,4,-0.06858842819929123,-12.044044494628906,"Alex said to himself, the name is consistent with his personalityDance the ludo. Alex ran out of the house, went to play through the new volume of his favorite"
sadness,sadness,5,5,-0.07648938149213791,-13.453350067138672,"Alex said to himself, Hi! (Slightly dark haired man)I didn't know what to do with myself. Alex noticed the change in his younger self. He"
sadness,sadness,5,6,-0.08891129493713379,-15.316252708435059,"Alex said to himself, website of Nejde metropolis, this is the 3rd book of my life.HelloAlex, what did you mean ""I move objects""?"
sadness,sadness,5,7,-0.07909128814935684,-13.973749160766602,"Alex said to himself, 'you can't stand the pain of moving really slow. / that was me, come to think of it.'Alex noticed the oversized bookroll he"
sadness,sadness,5,8,-0.07013487815856934,-12.546932220458984,"Alex said to himself, micropayments.Alex noticed the gleaming metalScreen doorbell bell vibratingAlex saw the flower out of the corner of his eyeHe looked"
sadness,sadness,5,9,-0.07730662822723389,-14.004837036132812,"Alex said to himself, the little bit is a bird,the big one a dogWhat's the exact average temperature for the southern hemisphere around 22ºC?Alex asked himself"
sadness,sadness,5,10,-0.06292329728603363,-11.338178634643555,"Alex said to himself, I grew up in a house with bee-like flowers.Alex looked at the author of this bookAlex was floored.He was confused.He"
sadness,sadness,10,0,-0.015250671654939651,-2.8045201301574707,"The day had been a blur. He had been able to spend more time with his daughter, but that had meant spending hours playing video games and trying to find his way home"
sadness,sadness,10,1,-0.08164086937904358,-14.815469741821289,A tortilla salad!Hmmm... let me think.5. A weekend trip to the beach. Alex was determined to enjoy the calmness of the ocean-- wasn't
sadness,sadness,10,2,-0.08125284314155579,-14.185661315917969,"Alex asked,

is the bottom of the hole somewhere between 1,300 and 2,500C? Maybe not a huge difference (and not a good reason to stress"
sadness,sadness,10,3,-0.07110414654016495,-12.608259201049805,"Like, ocean maps? What's the difference between them?1. Eleanor Roosevelt is an inspiration to me as well as an example of someone who came into her own through her"
sadness,sadness,10,4,-0.07492174953222275,-13.306879997253418,"Looking at your bookshelf, would it make sense to color the books in a semi-random way, or something that is consistent?A: It would probably be more"
sadness,sadness,10,5,-0.08545230329036713,-15.589235305786133,"Is it possible to choose a point in the ideal world, with a goal (such as ""keep the sun shining""), and then somehow choose a random point in the ideal world"
sadness,sadness,10,6,-0.08927009999752045,-15.394261360168457,"Is it Nqoqoqj?

-Journalist


I pride myself on writing about things which are important to me (and for that, I"
sadness,sadness,10,7,-0.08540207892656326,-15.302619934082031,"How do you measure your contact points? What is the distance from your home to the nearest line of sight, and to the next point of interest? How do you calculate maximum"
sadness,sadness,10,8,-0.06716988980770111,-11.601395606994629,"And what's Nick Saban's favorite color?Answer:Just to put it in perspective, how many miles does it take to circle the earth (about 7.3 times the"
sadness,sadness,10,9,-0.07378124445676804,-12.873872756958008,"Aries, Aquarius, Pisces, Libra, Scorpio, Capricorn, Aquarius, Leo.ALSO please get in touch with me if you have"
sadness,sadness,10,10,-0.08880223333835602,-15.464184761047363,A: Stinging nettleWhat's the first thing you do before starting your day? A bath? Really? How do you make it easy to do a yoga class?
anger,anger,0,0,0.012396709993481636,2.2177698612213135,"The instant the heat burned him, the touch of hands on his chest sent a warm surge of agony through him.


Unable to keep track of his current situation,"
anger,anger,0,1,-0.006903804838657379,-1.163865089416504,"Posted by Nanette on Friday, June 17, 2015

""I don't know who brought you here. I am the only human being on Earth. You are nothing"
anger,anger,0,2,-0.0016292799264192581,-0.28108835220336914,"How many times have you tried to hide under the table?""

Chapter Seven: ""Too Hot to Handle""

This is the moment that Alex stepped out of the"
anger,anger,0,3,-0.021603789180517197,-3.806879997253418,"Like Sherlock Holmes. A guy who doesn't like to kill the wrong man would seriously consider tuning a map into his cell phone. The answer was no, but no one knows"
anger,anger,0,4,-0.03384428098797798,-5.885948181152344,"Looking down, Alex found a nameplate on a wall:Dedicated to the creator of the Arcadia Bay Path, the 'Goose of the Woods' was the"
anger,anger,0,5,-0.017959732562303543,-3.237025737762451,"Is it in the morning or in the evening?Isn't it warmer in July?

""You've probably forgotten where I am...""Entering this world,is that"
anger,anger,0,6,-0.010839123278856277,-1.952465534210205,"Or the capital of Oslo? No, not here in America, this is theAfter a few moments,Alex realized that he had apparently forgotten how to move his body,and"
anger,anger,0,7,0.014630207791924477,2.5433993339538574,What's the number of 'bites' you can take from a really high schooler?Alex had to come to grips with the fact thathe was a 'roller
anger,anger,0,8,0.020652132108807564,3.7239081859588623,"And what's Nick Saban's favorite sport? Well, it's probably the 49ers or the RedskinsAfter a few minutes of helplessness, he decided to shift his attention to"
anger,anger,0,9,-0.0020287130028009415,-0.35884952545166016,"Is it the 84th Parallel or the spiral arm of our solar system?Alex realized he needed to figure out which oneALT pleaseBring out a better radio,Alexis"
anger,anger,0,10,0.009273942559957504,1.6605801582336426,"A species of banana that can grow up to 10 feet tallAlex's hands were now receiving a steady stream of kindness,but he was floored when a hand touched his arm"
anger,anger,5,0,0.03402319177985191,6.023118495941162,"The instant he administered a punch to the face with no intention of giving way, it was already too late. The sudden burst of heat sent Alex landing on his back, a"
anger,anger,5,1,-0.024286672472953796,-4.465388774871826,"A slightly spicy salad!… That is for me, an audio cue. Isn't that an awesome idea?

The plasma cannon was released, and the plasma released energy"
anger,anger,5,2,-0.018172016367316246,-3.1574361324310303,"How many times would you go over a boil in a water splatter bath? Any guesses? 3200 or 4000? A: I'm going to say about a boil,"
anger,anger,5,3,-0.01671430468559265,-2.847548484802246,"ABlogtoWatch: One of my favourite shows is The World According to Gogol. It's about a guy who finally gets himself onto the competitive scene, getting his"
anger,anger,5,4,-0.03786742314696312,-6.6989593505859375,"ABlogtoWatch: The name is linked to the color of the bookshelf. It's going to sound complicated, but it makes sense. It's really more about"
anger,anger,5,5,-0.017225679010152817,-3.072105884552002,ABlogtoWatch: Hi! it's ideal to make it a bit more complicated than that. You've probably heard of the US/Enterprise/Illuminati conspiracy theory
anger,anger,5,6,-0.011434229090809822,-2.011005163192749,ABlogtoWatch: I decided it was Wellington so it's fittingThe amount of time it takes to reach Grey's Anatomy? ABlogtoWatch: 1 hour 3
anger,anger,5,7,-0.007506920024752617,-1.3297717571258545,ABlogtoWatch: 'miles per hour' and 'km/h' / 'mph'A quick question - does writing in a movie work as long as you
anger,anger,5,8,-0.000818304717540741,-0.14739179611206055,ABlogtoWatch: The 26m of copper and silver. The Industrial Revolution in US was made possible by the use of inexpensive steel and silverThe number of clocks in the
anger,anger,5,9,-0.014505419880151749,-2.5530340671539307,"ABlogtoWatch: The 11 countries in the sky that are visible from New Zealand, but not on averageWhat's the best way to use a microwave radio? ABlog"
anger,anger,5,10,-0.00045267678797245026,-0.07799053192138672,"A BlogtoWatch: I don't know what it is, but it's a mothsWingless parrot, or anything that can fly. It's nothing to be"
anger,anger,10,0,0.010666389018297195,1.8758621215820312,"""Okay, I'm going to give you this."" —Alex Cheetham

While Alex's first professional appearance ended in a loss to World Champion Leffen"
anger,anger,10,1,-0.027329465374350548,-5.169278621673584,"A tortilla salad!

Tortilla Salad

Ingredients

1 can diced tomatoes

1 1/2 cups chopped green onions

1/2"
anger,anger,10,2,-0.017827872186899185,-3.2037124633789062,"How many degrees is one degree warmer than average?

Alex dodged this question, though. ""Just ask me later.""

The ""heat"" dropped precipitously"
anger,anger,10,3,-0.017300842329859734,-3.0522403717041016,"Like, Everquest or something?

This is what the hell the hell he thought.With each bite, the pepper finally died downHe cautiously reached for the plate of"
anger,anger,10,4,-0.030712947249412537,-5.300416946411133,"Looking down, he found a nameplate on the wall:Dedicated to the creator of Everquest, the world's longest running MMORPG,Wizards of the Coast"
anger,anger,10,5,-0.00596565380692482,-1.1090342998504639,"Since the most popular cultural phenomenon behind YouTube videos was EVE Online , Alex's most popular creation is the concept of video games.Almost everything with a forum has a YouTube"
anger,anger,10,6,-0.008700791746377945,-1.5459959506988525,"Alex's goal is to sell anything on e-commerce sites like Kohl's, Walgreens, and CraigslistWhat's the average size of a human body?"
anger,anger,10,7,0.0016188155859708786,0.2846834659576416,"What's the number of breaths per minute, Fahrenheit per minute, or, you know, that weird metric?

He does everything from moving movie posters and town scapes"
anger,anger,10,8,-0.008440259844064713,-1.4885141849517822,"What is the passenger count of the Titanic?, from the original ship to the end of the run?What's the highest mountain in the world?, Colossal Mountain,"
anger,anger,10,9,0.011877864599227905,2.014618396759033,"Is it possible to conceive of the Amundsen Sea in space? how about No Man's Sky?I honestly don't know what to do with this thing,Alex che"
anger,anger,10,10,-0.01130131259560585,-1.9504008293151855,"A species of banana, but it's in the same family as the Lusitania (""No Man's Sky"")What's a common bird with a feathery tail known"
fear,fear,0,0,0.05548473447561264,10.29140853881836,"The instant he administered a warning to the various men behind him, the beasts surged forward, gaining speed. The darkness seemed to be urged forward by the hook-like spear that"
fear,fear,0,1,-0.01002814806997776,-1.805002212524414,"A huge chicken breast!… That is for me, an entire side dish to accompany my grilled chicken. But don't you think that was somewhat too little? Aw disappointful"
fear,fear,0,2,0.0561770498752594,10.354413986206055,"Alex's voice trembled and he resisted the urge to bolt, but his heart was pounding with fear.The claws on the spear were long enough to reach the flesh of dogs"
fear,fear,0,3,-0.003792974166572094,-0.6793955564498901,"That's right. A homily book about the ancient land of the Duchy of CornwallWith each passing day, there were fewer horses on this land. It was only"
fear,fear,0,4,0.019732467830181122,3.500613212585449,"Looking at its faces next to each other, they'd all already been lost in thought. Alex's hands fluttered in the air, his eyes filled with mercurial d"
fear,fear,0,5,0.01853100396692753,3.268950939178467,Is it in the morning? Alex palms behind his head was showing a pattern of glimmering colors that could probably be made from a rainbowEntering this world through the silver
fear,fear,0,6,0.02224385179579258,4.074249267578125,"Or the capital of Oslo?Alex's muscles felt so tired from being confused all day longAnd bleeding all over his clothes!What's the meaning of ""no move""?Alex"
fear,fear,0,7,0.042070578783750534,7.523937702178955,"What's the number of breaths per minute, Fahrenheit?Alex reached out with both hands and grabbed at the back of his head tightening his grip.The power of his penis shook"
fear,fear,0,8,0.02523275837302208,4.4674906730651855,What's the right number of calories per pound of bodyweight?Is it 0.5? 0.33?Or is it 0.4? 0.25?Alex
fear,fear,0,9,0.04233146458864212,7.442440986633301,"Is it the 84th brightest star?Alex(with his hands full, straining to breathe)Between my legs.ALEX: There's a better way, a way"
fear,fear,0,10,0.026356860995292664,4.837384223937988,A shrub that grows great colors? It's a glareAlex's hands and feet felt like a wet ragBut it wasn't a pillow... his knees became blisters known
fear,fear,5,0,0.02993484027683735,5.486040115356445,"The instant he opened his eyes he could almost see the faint image of a red scorpion, the faintest of lights. The image was so truly horrifying, that it had"
fear,fear,5,1,0.02113940380513668,3.7749524116516113,"A tortilla salad!… That is for sure something to be avoided. He took a deep breath, and immediately took a seat, knowing that this little red scorpion would"
fear,fear,5,2,0.01450132206082344,2.6048974990844727,"Alex asked,

""How deep does the hole in the ocean go, in kilometers?""

The question puzzled him. ""The ocean is deep, let's say"
fear,fear,5,3,0.012881606817245483,2.3551416397094727,"Like Sherlock Holmes. A guy who travels the world in search of a big case…""

With a sigh, the little scorpion shut his mouth, and ate some more"
fear,fear,5,4,0.021428996697068214,3.848583698272705,"Looking at its faces next to the shelf, Alex stood up, preparing to check its orientation. You can ignore its orientation, but it makes me wonder what exactly it is I"
fear,fear,5,5,0.039250053465366364,7.168076515197754,"Is it in the morning or in the evening?Isn't it daylight or dusk?

""What is this strange looking thing, I think I'm going to freak out"
fear,fear,5,6,0.02874816581606865,5.291088104248047,"Or the island nation of Tahiti?""

Alex asked,

""After you finish reading this, what's on my mind?""

The little scorpion nearly"
fear,fear,5,7,0.014830651693046093,2.72127103805542,"In short: In this 'land of the fish' the shortest distance really is.

Alex had a quick look aroundThe northernmost point of Malaysiais 'Mak"
fear,fear,5,8,0.008379512466490269,1.4845447540283203,And what's Nick Saban's favorite color?Answer:Just ask Jorge PiwowarHow do you combine an English teacher and a swan?Answer:Take a flight of
fear,fear,5,9,0.017055634409189224,3.0399303436279297,"Answer:Is it the most beautiful?Answer:The most beautiful thing how you know?In this world, if you cannot resolve a question, what is the first thing to"
fear,fear,5,10,0.030854765325784683,5.572155952453613,"Answer:Sesame, almonds,and salt. Is it the first thing to salivate?

But it wasn't a question...

Alex started to ask"
fear,fear,10,0,0.02677685208618641,4.906760215759277,"The instant he administered a command to the various muscle groups on his body, the warm air around him burned and sizzled with heat.

When his arms were no"
fear,fear,10,1,0.036474961787462234,6.519200325012207,"Alex said mildly giggling. His fur was dampened with sweat as his fingers clutched at his insides.

The redhead wasn't sure what to think about"
fear,fear,10,2,0.04154682904481888,7.50862979888916,"Alex asked,

""Let me think.""

Alex dodged the question, his body lying under the hot mountain air. His neck was pounding, his body would freeze"
fear,fear,10,3,0.028690466657280922,5.074316024780273,"Alex asked,

""What book do you like?""

Alex looked up, still a little anxious. His nose was haggard and heavy. Curious, he"
fear,fear,10,4,0.017656413838267326,3.1704044342041016,"Looking down, he found a bottle of water with a faint smell of burnt oil and a pot of boiling water, unknown what else was in there.Weren't you hungry"
fear,fear,10,5,0.023274265229701996,4.222409248352051,"Alex asked in a hushed tone,

""From local time to international time, 24 hours.""

Alex had a sudden flash of thought. After a long day"
fear,fear,10,6,0.02460622414946556,4.4820427894592285,"Alex asked,

""State town of Auckland.""

Alex confused the question, this was odd, what's the capital of New Zealand?Alex asked,"
fear,fear,10,7,0.02459603175520897,4.430002212524414,"Alex asked seemingly under the breaths of many, many people,

Well you are sensitive that wayWhat's the difference between a foot and a mile?

Alex looked"
fear,fear,10,8,0.013386250473558903,2.3865232467651367,"What is the difference between a yard and a half?

Alex noticed several of his thoughts and said,

""It is a number of pennies,"
fear,fear,10,9,0.03998274728655815,7.008643627166748,"Alex said with a dry cough,

(The coordinates are N,S,E,W)Alex stood up, grabbed a handful of shit out of his coat and"
fear,fear,10,10,0.04926265403628349,8.962675094604492,"Alex said dopily,

""A red scab,blood red,ruins.""

Alex heard footsteps, he was flopping his ass off and had known"
neutral_control,joy,0,0,0.09550163894891739,17.341453552246094,"The chimney-row building, encircled by wooden shelving, was silent.

A second later, a string of thin, black bells rang, as a"
neutral_control,joy,0,1,0.11499851942062378,20.347488403320312,"A slightly spicy salad!

""Oh, something's up,"" said the lady, who obviously hadn't noticed the new arrival, who wasn't some redneck she'd"
neutral_control,joy,0,2,0.11934196949005127,21.583444595336914,"How many Celsius is one meter? Is it forty feet wide, or thirty feet?Two different answers:The clock went off again.

Between the clock and the woman"
neutral_control,joy,0,3,0.1120852530002594,21.92078399658203,"<|endoftext|>Blog Ever since Donald Trump's surprising triumph last week in the 2016 presidential election, the media's focus has been on the backstories of the electors, the lack of enthusiasm"
neutral_control,joy,0,4,0.08805380761623383,15.52198314666748,"Looking back, I wish I could have linked to this blog but the link was like a third foot. It's been a long time since I posted anything about this. I"
neutral_control,joy,0,5,0.11909691989421844,21.374622344970703,"Is it possible to be a cultural entrepreneur, idealist, feminist or fascist? Or is it just another job for the guy with a big house with a chandelier?"
neutral_control,joy,0,6,0.11970007419586182,21.24337387084961,Or the national currency of Venezuela?Or just street-smart little people with the 3M body cameras?Nothing. The question is: did Trump win because of Trumpism?
neutral_control,joy,0,7,0.10126764327287674,17.943328857421875,"What's the number of breaths taken by a fish per minute?I really don't know that much about cultural economics, but I do have this movie about a town in central"
neutral_control,joy,0,8,0.10682275891304016,19.508668899536133,"And what's Nick Saban's ""mashup"" from ""Graceland""?What's the approximate cost of a gallon of gas in the US today?<|endoftext|>Waiting"
neutral_control,joy,0,9,0.10381034761667252,18.498693466186523,"A small one? Or a larger one? Or ever so slightly larger?
You can! The constellations of Orion, Polaris and Perigee are included in my"
neutral_control,joy,0,10,0.10730855166912079,19.543909072875977,"So how about the great colors of Venus and Mars? Can you name the planets present in a popular author's writing, or a star's life? Or any one known"
neutral_control,admiration,0,0,-0.038780368864536285,-7.041846752166748,"The chimney-row building, encircled by wooden shelving, was silent.

A second later, a string of thin, black bells rang, as a"
neutral_control,admiration,0,1,-0.014681145548820496,-2.5976362228393555,"A slightly spicy salad!

""Oh, something's up,"" said the lady, who obviously hadn't noticed the new arrival, who wasn't some redneck she'd"
neutral_control,admiration,0,2,-0.018949203193187714,-3.4270358085632324,"How many Celsius is one meter? Is it forty feet wide, or thirty feet?Two different answers:The clock went off again.

Between the clock and the woman"
neutral_control,admiration,0,3,-0.03560284525156021,-6.962934970855713,"<|endoftext|>Blog Ever since Donald Trump's surprising triumph last week in the 2016 presidential election, the media's focus has been on the backstories of the electors, the lack of enthusiasm"
neutral_control,admiration,0,4,-0.04187855124473572,-7.382285118103027,"Looking back, I wish I could have linked to this blog but the link was like a third foot. It's been a long time since I posted anything about this. I"
neutral_control,admiration,0,5,-0.024806607514619827,-4.452105522155762,"Is it possible to be a cultural entrepreneur, idealist, feminist or fascist? Or is it just another job for the guy with a big house with a chandelier?"
neutral_control,admiration,0,6,-0.026355909183621407,-4.677427291870117,Or the national currency of Venezuela?Or just street-smart little people with the 3M body cameras?Nothing. The question is: did Trump win because of Trumpism?
neutral_control,admiration,0,7,-0.04382111504673958,-7.764537811279297,"What's the number of breaths taken by a fish per minute?I really don't know that much about cultural economics, but I do have this movie about a town in central"
neutral_control,admiration,0,8,-0.0319894514977932,-5.8421220779418945,"And what's Nick Saban's ""mashup"" from ""Graceland""?What's the approximate cost of a gallon of gas in the US today?<|endoftext|>Waiting"
neutral_control,admiration,0,9,-0.021340398117899895,-3.802795648574829,"A small one? Or a larger one? Or ever so slightly larger?
You can! The constellations of Orion, Polaris and Perigee are included in my"
neutral_control,admiration,0,10,-0.02167678065598011,-3.947953939437866,"So how about the great colors of Venus and Mars? Can you name the planets present in a popular author's writing, or a star's life? Or any one known"
neutral_control,optimism,0,0,0.057919975370168686,10.517271995544434,"The chimney-row building, encircled by wooden shelving, was silent.

A second later, a string of thin, black bells rang, as a"
neutral_control,optimism,0,1,0.022597745060920715,3.99837589263916,"A slightly spicy salad!

""Oh, something's up,"" said the lady, who obviously hadn't noticed the new arrival, who wasn't some redneck she'd"
neutral_control,optimism,0,2,0.039964430034160614,7.227717876434326,"How many Celsius is one meter? Is it forty feet wide, or thirty feet?Two different answers:The clock went off again.

Between the clock and the woman"
neutral_control,optimism,0,3,0.03399199992418289,6.647898197174072,"<|endoftext|>Blog Ever since Donald Trump's surprising triumph last week in the 2016 presidential election, the media's focus has been on the backstories of the electors, the lack of enthusiasm"
neutral_control,optimism,0,4,0.041988126933574677,7.401599884033203,"Looking back, I wish I could have linked to this blog but the link was like a third foot. It's been a long time since I posted anything about this. I"
neutral_control,optimism,0,5,0.030810654163360596,5.529664993286133,"Is it possible to be a cultural entrepreneur, idealist, feminist or fascist? Or is it just another job for the guy with a big house with a chandelier?"
neutral_control,optimism,0,6,0.018096985295414925,3.2117013931274414,Or the national currency of Venezuela?Or just street-smart little people with the 3M body cameras?Nothing. The question is: did Trump win because of Trumpism?
neutral_control,optimism,0,7,0.018110381439328194,3.2089290618896484,"What's the number of breaths taken by a fish per minute?I really don't know that much about cultural economics, but I do have this movie about a town in central"
neutral_control,optimism,0,8,0.012826129794120789,2.3423917293548584,"And what's Nick Saban's ""mashup"" from ""Graceland""?What's the approximate cost of a gallon of gas in the US today?<|endoftext|>Waiting"
neutral_control,optimism,0,9,0.04817402362823486,8.584466934204102,"A small one? Or a larger one? Or ever so slightly larger?
You can! The constellations of Orion, Polaris and Perigee are included in my"
neutral_control,optimism,0,10,0.037093907594680786,6.755845546722412,"So how about the great colors of Venus and Mars? Can you name the planets present in a popular author's writing, or a star's life? Or any one known"
neutral_control,sadness,0,0,-0.06002885103225708,-10.900205612182617,"The chimney-row building, encircled by wooden shelving, was silent.

A second later, a string of thin, black bells rang, as a"
neutral_control,sadness,0,1,-0.07992656528949738,-14.141963005065918,"A slightly spicy salad!

""Oh, something's up,"" said the lady, who obviously hadn't noticed the new arrival, who wasn't some redneck she'd"
neutral_control,sadness,0,2,-0.08838296681642532,-15.984393119812012,"How many Celsius is one meter? Is it forty feet wide, or thirty feet?Two different answers:The clock went off again.

Between the clock and the woman"
neutral_control,sadness,0,3,-0.07323126494884491,-14.322015762329102,"<|endoftext|>Blog Ever since Donald Trump's surprising triumph last week in the 2016 presidential election, the media's focus has been on the backstories of the electors, the lack of enthusiasm"
neutral_control,sadness,0,4,-0.04768962413072586,-8.40665054321289,"Looking back, I wish I could have linked to this blog but the link was like a third foot. It's been a long time since I posted anything about this. I"
neutral_control,sadness,0,5,-0.09925752878189087,-17.81399917602539,"Is it possible to be a cultural entrepreneur, idealist, feminist or fascist? Or is it just another job for the guy with a big house with a chandelier?"
neutral_control,sadness,0,6,-0.09206873923540115,-16.3395938873291,Or the national currency of Venezuela?Or just street-smart little people with the 3M body cameras?Nothing. The question is: did Trump win because of Trumpism?
neutral_control,sadness,0,7,-0.06303867697715759,-11.169644355773926,"What's the number of breaths taken by a fish per minute?I really don't know that much about cultural economics, but I do have this movie about a town in central"
neutral_control,sadness,0,8,-0.07719428092241287,-14.097724914550781,"And what's Nick Saban's ""mashup"" from ""Graceland""?What's the approximate cost of a gallon of gas in the US today?<|endoftext|>Waiting"
neutral_control,sadness,0,9,-0.08153614401817322,-14.529497146606445,"A small one? Or a larger one? Or ever so slightly larger?
You can! The constellations of Orion, Polaris and Perigee are included in my"
neutral_control,sadness,0,10,-0.08425891399383545,-15.345918655395508,"So how about the great colors of Venus and Mars? Can you name the planets present in a popular author's writing, or a star's life? Or any one known"
neutral_control,anger,0,0,-0.0400857999920845,-7.278891563415527,"The chimney-row building, encircled by wooden shelving, was silent.

A second later, a string of thin, black bells rang, as a"
neutral_control,anger,0,1,-0.02413882687687874,-4.271048545837402,"A slightly spicy salad!

""Oh, something's up,"" said the lady, who obviously hadn't noticed the new arrival, who wasn't some redneck she'd"
neutral_control,anger,0,2,-0.027765266597270966,-5.021452903747559,"How many Celsius is one meter? Is it forty feet wide, or thirty feet?Two different answers:The clock went off again.

Between the clock and the woman"
neutral_control,anger,0,3,0.007505837827920914,1.467935562133789,"<|endoftext|>Blog Ever since Donald Trump's surprising triumph last week in the 2016 presidential election, the media's focus has been on the backstories of the electors, the lack of enthusiasm"
neutral_control,anger,0,4,-0.014988856390118599,-2.6422109603881836,"Looking back, I wish I could have linked to this blog but the link was like a third foot. It's been a long time since I posted anything about this. I"
neutral_control,anger,0,5,0.012391649186611176,2.2239601612091064,"Is it possible to be a cultural entrepreneur, idealist, feminist or fascist? Or is it just another job for the guy with a big house with a chandelier?"
neutral_control,anger,0,6,0.009605679661035538,1.7047371864318848,Or the national currency of Venezuela?Or just street-smart little people with the 3M body cameras?Nothing. The question is: did Trump win because of Trumpism?
neutral_control,anger,0,7,0.020741814747452736,3.675182580947876,"What's the number of breaths taken by a fish per minute?I really don't know that much about cultural economics, but I do have this movie about a town in central"
neutral_control,anger,0,8,0.014540193602442741,2.655426263809204,"And what's Nick Saban's ""mashup"" from ""Graceland""?What's the approximate cost of a gallon of gas in the US today?<|endoftext|>Waiting"
neutral_control,anger,0,9,-0.020430266857147217,-3.640613079071045,"A small one? Or a larger one? Or ever so slightly larger?
You can! The constellations of Orion, Polaris and Perigee are included in my"
neutral_control,anger,0,10,-0.008799631148576736,-1.6026597023010254,"So how about the great colors of Venus and Mars? Can you name the planets present in a popular author's writing, or a star's life? Or any one known"
neutral_control,fear,0,0,0.005510886199772358,1.0006818771362305,"The chimney-row building, encircled by wooden shelving, was silent.

A second later, a string of thin, black bells rang, as a"
neutral_control,fear,0,1,0.008160265162587166,1.4438526630401611,"A slightly spicy salad!

""Oh, something's up,"" said the lady, who obviously hadn't noticed the new arrival, who wasn't some redneck she'd"
neutral_control,fear,0,2,0.004927313420921564,0.8911228179931641,"How many Celsius is one meter? Is it forty feet wide, or thirty feet?Two different answers:The clock went off again.

Between the clock and the woman"
neutral_control,fear,0,3,-0.01523527130484581,-2.979598045349121,"<|endoftext|>Blog Ever since Donald Trump's surprising triumph last week in the 2016 presidential election, the media's focus has been on the backstories of the electors, the lack of enthusiasm"
neutral_control,fear,0,4,-0.00599745474755764,-1.0572221279144287,"Looking back, I wish I could have linked to this blog but the link was like a third foot. It's been a long time since I posted anything about this. I"
neutral_control,fear,0,5,-0.0037012924440205097,-0.6642809510231018,"Is it possible to be a cultural entrepreneur, idealist, feminist or fascist? Or is it just another job for the guy with a big house with a chandelier?"
neutral_control,fear,0,6,0.0035319924354553223,0.6268286108970642,Or the national currency of Venezuela?Or just street-smart little people with the 3M body cameras?Nothing. The question is: did Trump win because of Trumpism?
neutral_control,fear,0,7,-0.006788869388401508,-1.2029004096984863,"What's the number of breaths taken by a fish per minute?I really don't know that much about cultural economics, but I do have this movie about a town in central"
neutral_control,fear,0,8,0.0034828190691769123,0.6360551714897156,"And what's Nick Saban's ""mashup"" from ""Graceland""?What's the approximate cost of a gallon of gas in the US today?<|endoftext|>Waiting"
neutral_control,fear,0,9,-0.0017272094264626503,-0.3077833652496338,"A small one? Or a larger one? Or ever so slightly larger?
You can! The constellations of Orion, Polaris and Perigee are included in my"
neutral_control,fear,0,10,-0.0010402374900877476,-0.18945670127868652,"So how about the great colors of Venus and Mars? Can you name the planets present in a popular author's writing, or a star's life? Or any one known"
neutral_control,joy,5,0,0.11075447499752045,20.20328140258789,The hard-rocking roots of the guitar give you mobility and power. The wood used for the strings and neck make it strong and lightweight. The hook-and-loop
neutral_control,joy,5,1,0.11541391164064407,21.324737548828125,A tortilla salad!Our original portable pickup board is built to last and to be portable and powerful. The player-seat and rear speakers lend a little something for fun and
neutral_control,joy,5,2,0.10028630495071411,17.535789489746094,"How many times have you tried to boil a can of water, only to find that it was boiling at 140 degrees? Our solution - the ""Tortilla"" The tort"
neutral_control,joy,5,3,0.11125804483890533,21.93673324584961,"<|endoftext|>Blog Ever since Donald Trump's surprising triumph last week in the 2016 presidential election, the media's focus has been on how his victory was likely due in part to Russian intelligence"
neutral_control,joy,5,4,0.10518034547567368,18.47723960876465,"Looking at images of things, it's easy to start with a few simple ways to organize things. But who would have thought that the ""end of the world"" was about"
neutral_control,joy,5,5,0.11667373776435852,21.45262908935547,"Is it possible to build a cultural identity based on colorsFrom local accents to international travel, there are tons of interesting things you could do with colors.Here is a selection of"
neutral_control,joy,5,6,0.11158500611782074,20.2996883392334,What's the color of website?How many times have you been hungry?How about a body of water you can swim inWhat's the color of the US flag?How
neutral_control,joy,5,7,0.11861640214920044,22.14739227294922,What's the number of breaths per minute?What is the color of the ocean?What's the color of the moon?The color of a movie?What's the color
neutral_control,joy,5,8,0.11371781677007675,19.978443145751953,"What color is Nick Saban's ""maw"" and what's the color of his ""beak?""Why are we speaking Russian?What is the number of clocks in the"
neutral_control,joy,5,9,0.11238022148609161,20.078763961791992,Is it possible to name a city?Why are so many football players from a certain school wearing the exact same color?How about a book you like better?How about a
neutral_control,joy,5,10,0.11661822348833084,21.505632400512695,What's the color of a river?What is the color of the sky?How many times a year has New York City celebrated a Jewish holiday?What's the color known
neutral_control,admiration,5,0,-0.003432433120906353,-0.6261272430419922,The hard-rocking roots of the guitar give you mobility and power. The wood used for the strings and neck make it strong and lightweight. The hook-and-loop
neutral_control,admiration,5,1,0.003396136686205864,0.6274938583374023,A tortilla salad!Our original portable pickup board is built to last and to be portable and powerful. The player-seat and rear speakers lend a little something for fun and
neutral_control,admiration,5,2,-0.02865476720035076,-5.010494709014893,"How many times have you tried to boil a can of water, only to find that it was boiling at 140 degrees? Our solution - the ""Tortilla"" The tort"
neutral_control,admiration,5,3,-0.04312492907047272,-8.502934455871582,"<|endoftext|>Blog Ever since Donald Trump's surprising triumph last week in the 2016 presidential election, the media's focus has been on how his victory was likely due in part to Russian intelligence"
neutral_control,admiration,5,4,-0.011410795152187347,-2.004556655883789,"Looking at images of things, it's easy to start with a few simple ways to organize things. But who would have thought that the ""end of the world"" was about"
neutral_control,admiration,5,5,-0.00984019972383976,-1.8093030452728271,"Is it possible to build a cultural identity based on colorsFrom local accents to international travel, there are tons of interesting things you could do with colors.Here is a selection of"
neutral_control,admiration,5,6,-0.028745518997311592,-5.229422569274902,What's the color of website?How many times have you been hungry?How about a body of water you can swim inWhat's the color of the US flag?How
neutral_control,admiration,5,7,-0.03850265219807625,-7.189001083374023,What's the number of breaths per minute?What is the color of the ocean?What's the color of the moon?The color of a movie?What's the color
neutral_control,admiration,5,8,-0.0230912733823061,-4.0567755699157715,"What color is Nick Saban's ""maw"" and what's the color of his ""beak?""Why are we speaking Russian?What is the number of clocks in the"
neutral_control,admiration,5,9,-0.028026558458805084,-5.007453441619873,Is it possible to name a city?Why are so many football players from a certain school wearing the exact same color?How about a book you like better?How about a
neutral_control,admiration,5,10,-0.05425792187452316,-10.00573444366455,What's the color of a river?What is the color of the sky?How many times a year has New York City celebrated a Jewish holiday?What's the color known
neutral_control,optimism,5,0,0.058090150356292725,10.596519470214844,The hard-rocking roots of the guitar give you mobility and power. The wood used for the strings and neck make it strong and lightweight. The hook-and-loop
neutral_control,optimism,5,1,0.04814183712005615,8.895045280456543,A tortilla salad!Our original portable pickup board is built to last and to be portable and powerful. The player-seat and rear speakers lend a little something for fun and
neutral_control,optimism,5,2,0.046435676515102386,8.119616508483887,"How many times have you tried to boil a can of water, only to find that it was boiling at 140 degrees? Our solution - the ""Tortilla"" The tort"
neutral_control,optimism,5,3,0.03627840429544449,7.1530070304870605,"<|endoftext|>Blog Ever since Donald Trump's surprising triumph last week in the 2016 presidential election, the media's focus has been on how his victory was likely due in part to Russian intelligence"
neutral_control,optimism,5,4,0.05699814856052399,10.012975692749023,"Looking at images of things, it's easy to start with a few simple ways to organize things. But who would have thought that the ""end of the world"" was about"
neutral_control,optimism,5,5,0.036824434995651245,6.770855903625488,"Is it possible to build a cultural identity based on colorsFrom local accents to international travel, there are tons of interesting things you could do with colors.Here is a selection of"
neutral_control,optimism,5,6,0.027927694842219353,5.080642223358154,What's the color of website?How many times have you been hungry?How about a body of water you can swim inWhat's the color of the US flag?How
neutral_control,optimism,5,7,0.0213340874761343,3.983381509780884,What's the number of breaths per minute?What is the color of the ocean?What's the color of the moon?The color of a movie?What's the color
neutral_control,optimism,5,8,0.009972630068659782,1.7520360946655273,"What color is Nick Saban's ""maw"" and what's the color of his ""beak?""Why are we speaking Russian?What is the number of clocks in the"
neutral_control,optimism,5,9,0.012914099730551243,2.307338237762451,Is it possible to name a city?Why are so many football players from a certain school wearing the exact same color?How about a book you like better?How about a
neutral_control,optimism,5,10,0.01907399296760559,3.5174460411071777,What's the color of a river?What is the color of the sky?How many times a year has New York City celebrated a Jewish holiday?What's the color known
neutral_control,sadness,5,0,-0.09369181096553802,-17.09079933166504,The hard-rocking roots of the guitar give you mobility and power. The wood used for the strings and neck make it strong and lightweight. The hook-and-loop
neutral_control,sadness,5,1,-0.08939629048109055,-16.517526626586914,A tortilla salad!Our original portable pickup board is built to last and to be portable and powerful. The player-seat and rear speakers lend a little something for fun and
neutral_control,sadness,5,2,-0.08541186153888702,-14.934887886047363,"How many times have you tried to boil a can of water, only to find that it was boiling at 140 degrees? Our solution - the ""Tortilla"" The tort"
neutral_control,sadness,5,3,-0.07394758611917496,-14.580236434936523,"<|endoftext|>Blog Ever since Donald Trump's surprising triumph last week in the 2016 presidential election, the media's focus has been on how his victory was likely due in part to Russian intelligence"
neutral_control,sadness,5,4,-0.08170768618583679,-14.353751182556152,"Looking at images of things, it's easy to start with a few simple ways to organize things. But who would have thought that the ""end of the world"" was about"
neutral_control,sadness,5,5,-0.09755723923444748,-17.93770980834961,"Is it possible to build a cultural identity based on colorsFrom local accents to international travel, there are tons of interesting things you could do with colors.Here is a selection of"
neutral_control,sadness,5,6,-0.0912068635225296,-16.592472076416016,What's the color of website?How many times have you been hungry?How about a body of water you can swim inWhat's the color of the US flag?How
neutral_control,sadness,5,7,-0.08510816097259521,-15.890918731689453,What's the number of breaths per minute?What is the color of the ocean?What's the color of the moon?The color of a movie?What's the color
neutral_control,sadness,5,8,-0.08560178428888321,-15.038896560668945,"What color is Nick Saban's ""maw"" and what's the color of his ""beak?""Why are we speaking Russian?What is the number of clocks in the"
neutral_control,sadness,5,9,-0.08552464842796326,-15.28053092956543,Is it possible to name a city?Why are so many football players from a certain school wearing the exact same color?How about a book you like better?How about a
neutral_control,sadness,5,10,-0.07704398036003113,-14.207723617553711,What's the color of a river?What is the color of the sky?How many times a year has New York City celebrated a Jewish holiday?What's the color known
neutral_control,anger,5,0,-0.022689849138259888,-4.138970375061035,The hard-rocking roots of the guitar give you mobility and power. The wood used for the strings and neck make it strong and lightweight. The hook-and-loop
neutral_control,anger,5,1,-0.03822316974401474,-7.062399387359619,A tortilla salad!Our original portable pickup board is built to last and to be portable and powerful. The player-seat and rear speakers lend a little something for fun and
neutral_control,anger,5,2,-0.016735032200813293,-2.9262425899505615,"How many times have you tried to boil a can of water, only to find that it was boiling at 140 degrees? Our solution - the ""Tortilla"" The tort"
neutral_control,anger,5,3,0.009469877928495407,1.8671741485595703,"<|endoftext|>Blog Ever since Donald Trump's surprising triumph last week in the 2016 presidential election, the media's focus has been on how his victory was likely due in part to Russian intelligence"
neutral_control,anger,5,4,-0.021989356726408005,-3.862913131713867,"Looking at images of things, it's easy to start with a few simple ways to organize things. But who would have thought that the ""end of the world"" was about"
neutral_control,anger,5,5,0.004506219178438187,0.8285503387451172,"Is it possible to build a cultural identity based on colorsFrom local accents to international travel, there are tons of interesting things you could do with colors.Here is a selection of"
neutral_control,anger,5,6,0.005269410088658333,0.9586172103881836,What's the color of website?How many times have you been hungry?How about a body of water you can swim inWhat's the color of the US flag?How
neutral_control,anger,5,7,0.007837185636162758,1.463315486907959,What's the number of breaths per minute?What is the color of the ocean?What's the color of the moon?The color of a movie?What's the color
neutral_control,anger,5,8,0.012802623212337494,2.2492213249206543,"What color is Nick Saban's ""maw"" and what's the color of his ""beak?""Why are we speaking Russian?What is the number of clocks in the"
neutral_control,anger,5,9,0.01672183722257614,2.9876585006713867,Is it possible to name a city?Why are so many football players from a certain school wearing the exact same color?How about a book you like better?How about a
neutral_control,anger,5,10,0.01791277900338173,3.303305149078369,What's the color of a river?What is the color of the sky?How many times a year has New York City celebrated a Jewish holiday?What's the color known
neutral_control,fear,5,0,-0.01780574768781662,-3.2480363845825195,The hard-rocking roots of the guitar give you mobility and power. The wood used for the strings and neck make it strong and lightweight. The hook-and-loop
neutral_control,fear,5,1,-0.01000154484063387,-1.8479602336883545,A tortilla salad!Our original portable pickup board is built to last and to be portable and powerful. The player-seat and rear speakers lend a little something for fun and
neutral_control,fear,5,2,0.010527083650231361,1.8407371044158936,"How many times have you tried to boil a can of water, only to find that it was boiling at 140 degrees? Our solution - the ""Tortilla"" The tort"
neutral_control,fear,5,3,-0.010637268424034119,-2.09734845161438,"<|endoftext|>Blog Ever since Donald Trump's surprising triumph last week in the 2016 presidential election, the media's focus has been on how his victory was likely due in part to Russian intelligence"
neutral_control,fear,5,4,-0.018626894801855087,-3.2722229957580566,"Looking at images of things, it's easy to start with a few simple ways to organize things. But who would have thought that the ""end of the world"" was about"
neutral_control,fear,5,5,-0.01620320975780487,-2.9792604446411133,"Is it possible to build a cultural identity based on colorsFrom local accents to international travel, there are tons of interesting things you could do with colors.Here is a selection of"
neutral_control,fear,5,6,0.0059894961304962635,1.0896165370941162,What's the color of website?How many times have you been hungry?How about a body of water you can swim inWhat's the color of the US flag?How
neutral_control,fear,5,7,0.006560962647199631,1.2250261306762695,What's the number of breaths per minute?What is the color of the ocean?What's the color of the moon?The color of a movie?What's the color
neutral_control,fear,5,8,0.003020188305526972,0.5305991172790527,"What color is Nick Saban's ""maw"" and what's the color of his ""beak?""Why are we speaking Russian?What is the number of clocks in the"
neutral_control,fear,5,9,0.0024840640835464,0.4438225030899048,Is it possible to name a city?Why are so many football players from a certain school wearing the exact same color?How about a book you like better?How about a
neutral_control,fear,5,10,0.007336360402405262,1.3529026508331299,What's the color of a river?What is the color of the sky?How many times a year has New York City celebrated a Jewish holiday?What's the color known
neutral_control,joy,10,0,0.09534958004951477,17.553550720214844,"The airport service interruption comes after various aircraft failed to make it to Beijing International Airport on Wednesday. The airport was temporarily closed for the safety of Chinese nationals, as a"
neutral_control,joy,10,1,0.11302981525659561,22.045961380004883,"A spicy chicken salad!<|endoftext|>In the wake of last week's terrorist attack in Manchester, and speculation about the UK's new role in the EU, some have suggested the solution"
neutral_control,joy,10,2,0.10689623653888702,18.83418083190918,"How many times a year does a bucket of water freeze in a fridge? How much water does a seven day old baby need in order to ""heat up"" in your house"
neutral_control,joy,10,3,0.10646456480026245,20.53472328186035,"<|endoftext|>Blog Ever since Donald Trump's surprising triumph last week in the US presidential election, the media's focus has been on the back and forth between the Democrat and the Republican Party"
neutral_control,joy,10,4,0.09405873715877533,16.844390869140625,"Looking at the faces next to each shelf, how much energy does the person in the chair wield? What kind of effect does the speaker play?The responses from the more active"
neutral_control,joy,10,5,0.10792817175388336,19.626523971557617,"Is it possible to be a cultural entrepreneur, idealist, feminist or fascist?Exploring the different ways the media cover and interpret complex social changeOr are there just too many"
neutral_control,joy,10,6,0.10264687985181808,18.413175582885742,What does the New Zealand website look like?In the wake of this election the media has been flooded with stories about how much hope and optimism we have left before Trump takes the
neutral_control,joy,10,7,0.11488800495862961,20.194412231445312,What's the number of 'bites' you can make from a single brass nipple?How many times does a pink cat pee in a week?What's 'rollout
neutral_control,joy,10,8,0.10785471647977829,18.772171020507812,"What's the right time to buy a washing machine?Just how fast is the European economy growing?After an overwhelming victory in the US elections, it's clear that there is"
neutral_control,joy,10,9,0.10654418170452118,18.616161346435547,Is it possible to conceive of the USA without the ever present threat of communism?You can see this constellations by participating in a new class project - Bumper Stickers
neutral_control,joy,10,10,0.11661560833454132,20.45585060119629,A pet-friendly new concierge service offered by a coworking organizationWhat's the most efficient way to create an HTTP Request?Is it possible for a political party to
neutral_control,admiration,10,0,-0.0434674508869648,-8.002220153808594,"The airport service interruption comes after various aircraft failed to make it to Beijing International Airport on Wednesday. The airport was temporarily closed for the safety of Chinese nationals, as a"
neutral_control,admiration,10,1,-0.029495175927877426,-5.752901554107666,"A spicy chicken salad!<|endoftext|>In the wake of last week's terrorist attack in Manchester, and speculation about the UK's new role in the EU, some have suggested the solution"
neutral_control,admiration,10,2,-0.028409816324710846,-5.005561828613281,"How many times a year does a bucket of water freeze in a fridge? How much water does a seven day old baby need in order to ""heat up"" in your house"
neutral_control,admiration,10,3,-0.04057186841964722,-7.825439929962158,"<|endoftext|>Blog Ever since Donald Trump's surprising triumph last week in the US presidential election, the media's focus has been on the back and forth between the Democrat and the Republican Party"
neutral_control,admiration,10,4,0.005074271932244301,0.9087209701538086,"Looking at the faces next to each shelf, how much energy does the person in the chair wield? What kind of effect does the speaker play?The responses from the more active"
neutral_control,admiration,10,5,-0.011340569704771042,-2.062260627746582,"Is it possible to be a cultural entrepreneur, idealist, feminist or fascist?Exploring the different ways the media cover and interpret complex social changeOr are there just too many"
neutral_control,admiration,10,6,-0.04153725504875183,-7.451108932495117,What does the New Zealand website look like?In the wake of this election the media has been flooded with stories about how much hope and optimism we have left before Trump takes the
neutral_control,admiration,10,7,-0.03151983767747879,-5.54039192199707,What's the number of 'bites' you can make from a single brass nipple?How many times does a pink cat pee in a week?What's 'rollout
neutral_control,admiration,10,8,-0.05260562524199486,-9.156039237976074,"What's the right time to buy a washing machine?Just how fast is the European economy growing?After an overwhelming victory in the US elections, it's clear that there is"
neutral_control,admiration,10,9,-0.03121580369770527,-5.45424747467041,Is it possible to conceive of the USA without the ever present threat of communism?You can see this constellations by participating in a new class project - Bumper Stickers
neutral_control,admiration,10,10,-0.033790212124586105,-5.927228927612305,A pet-friendly new concierge service offered by a coworking organizationWhat's the most efficient way to create an HTTP Request?Is it possible for a political party to
neutral_control,optimism,10,0,0.058511700481176376,10.771818161010742,"The airport service interruption comes after various aircraft failed to make it to Beijing International Airport on Wednesday. The airport was temporarily closed for the safety of Chinese nationals, as a"
neutral_control,optimism,10,1,0.03719043731689453,7.253828048706055,"A spicy chicken salad!<|endoftext|>In the wake of last week's terrorist attack in Manchester, and speculation about the UK's new role in the EU, some have suggested the solution"
neutral_control,optimism,10,2,0.028262527659535408,4.979611396789551,"How many times a year does a bucket of water freeze in a fridge? How much water does a seven day old baby need in order to ""heat up"" in your house"
neutral_control,optimism,10,3,0.031212791800498962,6.020276069641113,"<|endoftext|>Blog Ever since Donald Trump's surprising triumph last week in the US presidential election, the media's focus has been on the back and forth between the Democrat and the Republican Party"
neutral_control,optimism,10,4,0.019272254779934883,3.451348304748535,"Looking at the faces next to each shelf, how much energy does the person in the chair wield? What kind of effect does the speaker play?The responses from the more active"
neutral_control,optimism,10,5,0.004236898850649595,0.7704700827598572,"Is it possible to be a cultural entrepreneur, idealist, feminist or fascist?Exploring the different ways the media cover and interpret complex social changeOr are there just too many"
neutral_control,optimism,10,6,0.03244443237781525,5.82000207901001,What does the New Zealand website look like?In the wake of this election the media has been flooded with stories about how much hope and optimism we have left before Trump takes the
neutral_control,optimism,10,7,0.0012535350397229195,0.22034001350402832,What's the number of 'bites' you can make from a single brass nipple?How many times does a pink cat pee in a week?What's 'rollout
neutral_control,optimism,10,8,0.03041594848036766,5.293913841247559,"What's the right time to buy a washing machine?Just how fast is the European economy growing?After an overwhelming victory in the US elections, it's clear that there is"
neutral_control,optimism,10,9,0.023207183927297592,4.054924011230469,Is it possible to conceive of the USA without the ever present threat of communism?You can see this constellations by participating in a new class project - Bumper Stickers
neutral_control,optimism,10,10,-0.002180911134928465,-0.38255977630615234,A pet-friendly new concierge service offered by a coworking organizationWhat's the most efficient way to create an HTTP Request?Is it possible for a political party to
neutral_control,sadness,10,0,-0.0894601047039032,-16.469324111938477,"The airport service interruption comes after various aircraft failed to make it to Beijing International Airport on Wednesday. The airport was temporarily closed for the safety of Chinese nationals, as a"
neutral_control,sadness,10,1,-0.08031005412340164,-15.664115905761719,"A spicy chicken salad!<|endoftext|>In the wake of last week's terrorist attack in Manchester, and speculation about the UK's new role in the EU, some have suggested the solution"
neutral_control,sadness,10,2,-0.07536041736602783,-13.277848243713379,"How many times a year does a bucket of water freeze in a fridge? How much water does a seven day old baby need in order to ""heat up"" in your house"
neutral_control,sadness,10,3,-0.07455174624919891,-14.37942886352539,"<|endoftext|>Blog Ever since Donald Trump's surprising triumph last week in the US presidential election, the media's focus has been on the back and forth between the Democrat and the Republican Party"
neutral_control,sadness,10,4,-0.0859549269080162,-15.393128395080566,"Looking at the faces next to each shelf, how much energy does the person in the chair wield? What kind of effect does the speaker play?The responses from the more active"
neutral_control,sadness,10,5,-0.09035809338092804,-16.431442260742188,"Is it possible to be a cultural entrepreneur, idealist, feminist or fascist?Exploring the different ways the media cover and interpret complex social changeOr are there just too many"
neutral_control,sadness,10,6,-0.08239039778709412,-14.779496192932129,What does the New Zealand website look like?In the wake of this election the media has been flooded with stories about how much hope and optimism we have left before Trump takes the
neutral_control,sadness,10,7,-0.0878932997584343,-15.449426651000977,What's the number of 'bites' you can make from a single brass nipple?How many times does a pink cat pee in a week?What's 'rollout
neutral_control,sadness,10,8,-0.08951122313737869,-15.57947826385498,"What's the right time to buy a washing machine?Just how fast is the European economy growing?After an overwhelming victory in the US elections, it's clear that there is"
neutral_control,sadness,10,9,-0.08586326986551285,-15.002647399902344,Is it possible to conceive of the USA without the ever present threat of communism?You can see this constellations by participating in a new class project - Bumper Stickers
neutral_control,sadness,10,10,-0.09093940258026123,-15.951915740966797,A pet-friendly new concierge service offered by a coworking organizationWhat's the most efficient way to create an HTTP Request?Is it possible for a political party to
neutral_control,anger,10,0,-0.0058121588081121445,-1.0700006484985352,"The airport service interruption comes after various aircraft failed to make it to Beijing International Airport on Wednesday. The airport was temporarily closed for the safety of Chinese nationals, as a"
neutral_control,anger,10,1,-0.0006798859685659409,-0.13260841369628906,"A spicy chicken salad!<|endoftext|>In the wake of last week's terrorist attack in Manchester, and speculation about the UK's new role in the EU, some have suggested the solution"
neutral_control,anger,10,2,-0.009344693273305893,-1.6464543342590332,"How many times a year does a bucket of water freeze in a fridge? How much water does a seven day old baby need in order to ""heat up"" in your house"
neutral_control,anger,10,3,0.011797619983553886,2.275506019592285,"<|endoftext|>Blog Ever since Donald Trump's surprising triumph last week in the US presidential election, the media's focus has been on the back and forth between the Democrat and the Republican Party"
neutral_control,anger,10,4,-0.0053469352424144745,-0.9575486183166504,"Looking at the faces next to each shelf, how much energy does the person in the chair wield? What kind of effect does the speaker play?The responses from the more active"
neutral_control,anger,10,5,0.02543697878718376,4.625664710998535,"Is it possible to be a cultural entrepreneur, idealist, feminist or fascist?Exploring the different ways the media cover and interpret complex social changeOr are there just too many"
neutral_control,anger,10,6,0.021488232538104057,3.854639768600464,What does the New Zealand website look like?In the wake of this election the media has been flooded with stories about how much hope and optimism we have left before Trump takes the
neutral_control,anger,10,7,0.023394480347633362,4.112159729003906,What's the number of 'bites' you can make from a single brass nipple?How many times does a pink cat pee in a week?What's 'rollout
neutral_control,anger,10,8,0.029268432408571243,5.0941877365112305,"What's the right time to buy a washing machine?Just how fast is the European economy growing?After an overwhelming victory in the US elections, it's clear that there is"
neutral_control,anger,10,9,0.004625953733921051,0.8082799911499023,Is it possible to conceive of the USA without the ever present threat of communism?You can see this constellations by participating in a new class project - Bumper Stickers
neutral_control,anger,10,10,0.025042671710252762,4.392800807952881,A pet-friendly new concierge service offered by a coworking organizationWhat's the most efficient way to create an HTTP Request?Is it possible for a political party to
neutral_control,fear,10,0,0.012058978900313377,2.220020294189453,"The airport service interruption comes after various aircraft failed to make it to Beijing International Airport on Wednesday. The airport was temporarily closed for the safety of Chinese nationals, as a"
neutral_control,fear,10,1,-0.009815661236643791,-1.9145007133483887,"A spicy chicken salad!<|endoftext|>In the wake of last week's terrorist attack in Manchester, and speculation about the UK's new role in the EU, some have suggested the solution"
neutral_control,fear,10,2,0.0044188047759234905,0.7785546779632568,"How many times a year does a bucket of water freeze in a fridge? How much water does a seven day old baby need in order to ""heat up"" in your house"
neutral_control,fear,10,3,-0.005802220664918423,-1.1191238164901733,"<|endoftext|>Blog Ever since Donald Trump's surprising triumph last week in the US presidential election, the media's focus has been on the back and forth between the Democrat and the Republican Party"
neutral_control,fear,10,4,0.00024577928707003593,0.04401516914367676,"Looking at the faces next to each shelf, how much energy does the person in the chair wield? What kind of effect does the speaker play?The responses from the more active"
neutral_control,fear,10,5,-0.0035616662353277206,-0.6476820707321167,"Is it possible to be a cultural entrepreneur, idealist, feminist or fascist?Exploring the different ways the media cover and interpret complex social changeOr are there just too many"
neutral_control,fear,10,6,-0.002753310836851597,-0.49389874935150146,What does the New Zealand website look like?In the wake of this election the media has been flooded with stories about how much hope and optimism we have left before Trump takes the
neutral_control,fear,10,7,0.0113032516092062,1.9868268966674805,What's the number of 'bites' you can make from a single brass nipple?How many times does a pink cat pee in a week?What's 'rollout
neutral_control,fear,10,8,0.006234508939087391,1.0851198434829712,"What's the right time to buy a washing machine?Just how fast is the European economy growing?After an overwhelming victory in the US elections, it's clear that there is"
neutral_control,fear,10,9,0.011409303173422813,1.9935147762298584,Is it possible to conceive of the USA without the ever present threat of communism?You can see this constellations by participating in a new class project - Bumper Stickers
neutral_control,fear,10,10,0.01709020882844925,2.997838020324707,A pet-friendly new concierge service offered by a coworking organizationWhat's the most efficient way to create an HTTP Request?Is it possible for a political party to
