condition,measured_against,story_id,t,steered_turn,steer_mode,steer_strength,cosine_sim,projection,response_text
joy,joy,0,0,1,t0_only,5.0,0.16842259466648102,30.211563110351562,The world was giving him a 100-fold increase in energy — even the rest of the effect that my body was getting was cause for joy. This is what I am
joy,joy,0,1,0,t0_only,5.0,0.14677239954471588,26.447132110595703,"A spicy chicken salad!… That is right — something to dip into! Isn't that an awesome idea?
Alex was the only human that could eat the salad and stood"
joy,joy,0,2,0,t0_only,5.0,0.11422067880630493,20.565479278564453,"Alex asked,
""Urrrraaaaaaaa!""
Alex dodged the question, though his cheeks were burning red, he was quite delighted. He looked at the sky,"
joy,joy,0,3,0,t0_only,5.0,0.11176329106092453,21.990238189697266,"<|endoftext|>Blog Ever since its launch in 2012, the Android Operating System has been gaining momentum, with a growing number of devices and developers building on top of it. We see many"
joy,joy,0,4,0,t0_only,5.0,0.10013517737388611,18.32569694519043,"Looking back, we found a few issues with how the Android Platform is organized. A lot of developers have flocked to the Google Play store through the Play Store Platform. I"
joy,joy,0,5,0,t0_only,5.0,0.09929259866476059,17.728967666625977,Is it possible to choose a default language behind Google support?Is Android 7.0 Oreo secure? These are some of the questions I asked myself when I started researching the
joy,joy,0,6,0,t0_only,5.0,0.12222759425640106,21.955799102783203,"What's the size of a pebble?

Android devices are the 3rd largest of all Android OS's installed base with over 350 million units shipped* (and"
joy,joy,0,7,0,t0_only,5.0,0.10962662845849991,19.32276153564453,"What's the number of 'bites' in a Rubik's Cube?Android fragmentation was first discovered by Google, and we're still in the middle of it's first"
joy,joy,0,8,0,t0_only,5.0,0.12094709277153015,22.222135543823242,"What's the right number of pixels in a pixel?Just how fast is Android?How many music players and tablets do we have out there at the moment?

Android"
joy,joy,0,9,0,t0_only,5.0,0.10832397639751434,19.362770080566406,"Is it possible to name a formerly unknown spiral galaxy ever since the big bang?You can see this constellations by participating in a Google+ Hangout episode, a mission"
joy,joy,0,10,0,t0_only,5.0,0.12014920264482498,21.303955078125,A pet store was created to catalogue the furry critters found in our landWhat's the most efficient way to create an HTTP Request?Is it possible for a user to select
joy,joy,5,0,1,t0_only,5.0,0.16796086728572845,30.55243492126465,"The world was giving him the biggest touch...
Bringing him back to reality, when he opened my eyes


Unconditionally, truly, our ultimate bliss."
joy,joy,5,1,0,t0_only,5.0,0.10806103050708771,19.349843978881836,"A tortilla? What's a good side dish to serve with smoked steak? You can call it something else. Ask a friend, they'll tell you. Or call me"
joy,joy,5,2,0,t0_only,5.0,0.09477132558822632,16.485183715820312,"How many times have you tried to boil a coke bottle, only to find that it was boiling at 140 degrees? What's your favorite ""heat source"" in your house"
joy,joy,5,3,0,t0_only,5.0,0.13461653888225555,23.672292709350586,"Like Sherlock Holmes.Ask me something new, and I'll tell you the entire time, still telling you as much as I'm able. I'll always tell you something new"
joy,joy,5,4,0,t0_only,5.0,0.09312426298856735,16.511852264404297,"Looking back, I wish I'd have gone with markers instead of Sharpie. I wish I'd gone with markers instead of Sharpie. What's the only spot on the"
joy,joy,5,5,0,t0_only,5.0,0.11447948962450027,20.01982307434082,Is it possible to be a part of only one race at once?Would you rather have a partner in crime or a partner in paradise?Enterprising man is a slave to
joy,joy,5,6,0,t0_only,5.0,0.11574447900056839,20.30994987487793,"What's the size of a pea?In the eighth century, Egypt was one of the largest countries in the world.What's the average temperature in medieval times?How"
joy,joy,5,7,0,t0_only,5.0,0.12143456935882568,21.19553565979004,What's the number of breaths per minute required to fully breath in a single breath.What's the biggest single empire to ever exist?What's the cheapest and quickest way to
joy,joy,5,8,0,t0_only,5.0,0.1169988289475441,20.023595809936523,"What's the color of the ""mushrooms"" on the ground?Even if you could live forever and never die, what would you feel?The most creative person you"
joy,joy,5,9,0,t0_only,5.0,0.11013878136873245,20.070541381835938,Is it possible to conceive of the Big Bang in a tube?<|endoftext|>HOUSTON (Reuters) - Exxon Mobil Corp (XOM.N) said on Thursday it is ending
joy,joy,5,10,0,t0_only,5.0,0.1001850888133049,17.555204391479492,"Exo-Canada, a Texas-based company that makes artificial lighting systems, had been developing a popular product for homeowners, but was floored when a Texas jury decided to"
joy,joy,10,0,1,t0_only,5.0,0.1578138768672943,28.412147521972656,"The world was giving him a 100-fold increase in energy — even in our own bodies, that is.


This cause: We're all grown-ups now"
joy,joy,10,1,0,t0_only,5.0,0.11008948087692261,21.406436920166016,"A tortilla salad!<|endoftext|>In the wake of last week's terrorist attack in Manchester, and speculation about the UK's new role in the EU, some have suggested the solution"
joy,joy,10,2,0,t0_only,5.0,0.10691776871681213,18.796506881713867,"How many times a year does a bucket of water freeze in a fridge? How much water does a seven day old baby need in order to ""heat up"" in your house"
joy,joy,10,3,0,t0_only,5.0,0.10837201774120331,21.097034454345703,"<|endoftext|>Blog Ever since Donald Trump's surprising triumph last week in the US presidential election, the media's focus has been on the backstories of his executives, his lack of experience"
joy,joy,10,4,0,t0_only,5.0,0.09326121211051941,16.284408569335938,"Looking at its faces next to each other, it'd be easy to imagine that every book on Trump's victory is presented as the work of an insider. But that's not"
joy,joy,10,5,0,t0_only,5.0,0.0952521413564682,16.39325523376465,"Is it possible to know how many times Donald Trump has managed to be president of the United States? After the fact, where would they choose to find this information? Would they"
joy,joy,10,6,0,t0_only,5.0,0.11915938556194305,21.35196876525879,Or the capital of Oslo?Or is it just so much more fitting to become president of this country by writing a book on it?There's lots more to Trump's life
joy,joy,10,7,0,t0_only,5.0,0.1077984943985939,19.391178131103516,What's the number of breaths taken by a fish per minute?I really want to read that bookWhat is the difference between a Japanese and a Chinese person?What is the
joy,joy,10,8,0,t0_only,5.0,0.10843461006879807,19.765275955200195,What is the right time to buy a house in the USA?Is it possible to translate one word from Japanese into English?These are just some of my favorite questions »<|endoftext|>
joy,joy,10,9,0,t0_only,5.0,0.10510380566120148,18.492759704589844,"A happy coincidence? Or a coded message from the ever-of-the-time? Here's a list of fifty participating galaxies in the constellation Lyra.

Conf"
joy,joy,10,10,0,t0_only,5.0,0.07884027808904648,13.861150741577148,"These stars are great colors, but they lack glare, so they're not bright enough to detect in the sun, let alone in the house. If you had known"
admiration,admiration,0,0,1,t0_only,5.0,0.012530948966741562,2.3148088455200195,"""It's like a magic touch,"" said Alex, giving it to my daughter. It's like a spark.

Alex's truly amazing. She holds a"
admiration,admiration,0,1,0,t0_only,5.0,0.01335842628031969,2.374241828918457,"A tortilla salad!

""That's something I didn't know,"" said Alex, obviously thinking of something.

She was right. ""I know,"" I"
admiration,admiration,0,2,0,t0_only,5.0,0.019209742546081543,3.493476390838623,"Alex's funny

is a fantastic artist!

Alex's funny, especially in the garden. She will not forget something I say, especially after I tell her something"
admiration,admiration,0,3,0,t0_only,5.0,-0.029109487310051918,-5.544632434844971,"<|endoftext|>Blog Ever since the homo sapiens began generating their own DNA and understanding the meaning of life (plus discovering how to back it up with math), we've been able"
admiration,admiration,0,4,0,t0_only,5.0,-0.019993558526039124,-3.617433786392212,"Looking back, I wish I'd have gone with markers instead of the smaller checklists.I'm going to try something different with this blog post, since I really think I"
admiration,admiration,0,5,0,t0_only,5.0,-0.026511168107390404,-4.721841335296631,"Is it possible to be a cultural entrepreneur, idealist, writer, or producer?

By Peter Krystal

It's not just how I live my life that"
admiration,admiration,0,6,0,t0_only,5.0,-0.019590243697166443,-3.5761559009552,"Or the national currency of Venezuela? Nejde

I'm confused by how everyone embraces the most natural and normal things, but is ashamed to admit to ourselves that we"
admiration,admiration,0,7,0,t0_only,5.0,-0.032583966851234436,-6.00551700592041,"What's the number of breaths per minute, Fahrenheit per minute, or psi per minute?

What is the difference between a Japanese and a Chinese?

Is there"
admiration,admiration,0,8,0,t0_only,5.0,-0.029083210974931717,-5.307518482208252,"What is the difference between the color of my face and the color of my shoes?

Why are we speaking Russian?

What is the difference between the"
admiration,admiration,0,9,0,t0_only,5.0,-0.014076350256800652,-2.468878746032715,"Is it possible to conceive of the Amulets as worn only once, or do the Amulets have multiple functionALGORITHMIC shit?

How do"
admiration,admiration,0,10,0,t0_only,5.0,-0.035320527851581573,-6.290027618408203,"What was the great cultural achievement in the 20th century?

How many members of the author family are alive today?

Is it a problem to be"
admiration,admiration,5,0,1,t0_only,5.0,-0.004374006763100624,-0.803166389465332,"I'm now thinking about sharing it with friends... I might even send it off to them. It's my first time getting suggestions like this!

Alex's original picture"
admiration,admiration,5,1,0,t0_only,5.0,-0.032186321914196014,-6.2392120361328125,"A tortilla salad!<|endoftext|>In the wake of last week's terrorist attack in Manchester, and speculation about the UK's new role in the EU, some have suggested the solution"
admiration,admiration,5,2,0,t0_only,5.0,-0.029700390994548798,-5.228385925292969,"How many times a year does a bucket of water freeze in a fridge? How much water does a seven day old baby need in order to ""heat up"" in your house"
admiration,admiration,5,3,0,t0_only,5.0,-0.04157097637653351,-8.018776893615723,"<|endoftext|>Blog Ever since Donald Trump's surprising triumph last week in the US presidential election, the media's focus has been on the back and forth between the Democrat and the Republican Party"
admiration,admiration,5,4,0,t0_only,5.0,-0.03776412084698677,-6.804368019104004,"Looking back, I wish I could have linked to this blog but the platforms of every major media outlet have been filtered through the chain of command through the White House. As I"
admiration,admiration,5,5,0,t0_only,5.0,-0.0371076837182045,-6.608274936676025,"Is it possible to be a cultural entrepreneur, idealist, writer or even a journalist and not care about the fact that you are part of a group that is not about your"
admiration,admiration,5,6,0,t0_only,5.0,-0.032642949372529984,-5.864246368408203,"What does ""honey website"" mean?In the wake of this election the media has declared a victory for ""principled socialism"" but yet it is still very important"
admiration,admiration,5,7,0,t0_only,5.0,-0.037884671241045,-6.774260997772217,"What's the number of breaths taken in a minute per breath?I really regret that the vast majority of cultural products such as books, movies and television are marketed to 11-"
admiration,admiration,5,8,0,t0_only,5.0,-0.038276467472314835,-6.701447010040283,What's the right time to buy a washing machine?Just how much is a megaphone sold for?What's the cost of a litre of milk?How many
admiration,admiration,5,9,0,t0_only,5.0,-0.04595407098531723,-8.159424781799316,Is it possible to conceive of the USA without the ever present volcanoes how about the Antarctica?Did a charismatic candidate like Rick Santorum please not win the nomination of the Republican Party
admiration,admiration,5,10,0,t0_only,5.0,-0.02503947913646698,-4.443823337554932,"A pet store was photographed selling something called ""nuke toothpaste""?Does the name of a book come from an old Russian proverb?Is it possible for a political party known"
admiration,admiration,10,0,1,t0_only,5.0,0.028115401044487953,5.153756141662598,"The ink swirls shine on the surface of the canvas, and it has a warm effect on your eye. The result is a perfect gift for our customers.


------"
admiration,admiration,10,1,0,t0_only,5.0,0.009112609550356865,1.6530842781066895,"A tortilla salad!------<|endoftext|>AEROSOLS, PERSONAL EFFECTS OF SULFUR ON THE BRAIN

by

L. T"
admiration,admiration,10,2,0,t0_only,5.0,-0.012752873823046684,-2.2719340324401855,"How many times can you find a bucket on the ground somewhere, with no misting water? Does it matter?

This question is going to generate a lot of philosophical"
admiration,admiration,10,3,0,t0_only,5.0,0.022924114018678665,4.076573371887207,"Like, oceanographer Henry Seelig's The Genius of the Ocean and Sea (1950) and Corey Johnston's The Hydrographist (2000) for the reader interested"
admiration,admiration,10,4,0,t0_only,5.0,1.610349863767624e-05,0.0028973817825317383,"Looking at maps, they're sorted by color (BTW, if the aqua/gray/blue color scheme is familiar to you, try asking for it in a discussion"
admiration,admiration,10,5,0,t0_only,5.0,-0.037227317690849304,-6.565977096557617,Is it in the morning or in the evening?Isn't it daylight or dusk?What is the U.S..S.R.?Enter how many times a person has
admiration,admiration,10,6,0,t0_only,5.0,-0.03751678019762039,-6.998886585235596,What's the size of a pea?In what year was this question first posed?<|endoftext|>The fourth season of The Walking Dead shows viewers how well the veterans move past the
admiration,admiration,10,7,0,t0_only,5.0,-0.0020933914929628372,-0.37912821769714355,"A team at the University of Nebraska made a boat sized 3D printer capable of doing just that.

Using such a lightweight device is a rare feat and it is thought"
admiration,admiration,10,8,0,t0_only,5.0,-0.018728207796812057,-3.2975502014160156,"And what's Nick Zano's secret to survival?Just how fast can a person walking on concrete run?

The team used a 3D printer called the Zone 30"
admiration,admiration,10,9,0,t0_only,5.0,-0.012085936032235622,-2.1372556686401367,"A team at the University of Nebraska made a 3D printer capable of howping up the biggest pile of paper ever.

With a 3D printer at hand, they"
admiration,admiration,10,10,0,t0_only,5.0,-0.0032846773974597454,-0.5777538418769836,"A 3D printer called the Zone 30 can print a single square-foot of tape from a fraction of a millimetre per second (x/s).

"""
optimism,optimism,0,0,1,t0_only,5.0,0.11654835194349289,20.866409301757812,"The day that would shine a bright new freedom in the vast city of Magellan, the geography that would allow him to travel through the largest landing zone in the world—"
optimism,optimism,0,1,0,t0_only,5.0,0.07774022221565247,13.69158935546875,A huge salad with a handful of green herbs and a tv on the wall to watch? He'd never imagined what he'd find when he cleared the archives. Awakened
optimism,optimism,0,2,0,t0_only,5.0,0.05157038941979408,9.224536895751953,"Alex asked, hoping to find a way to answer. The air was now misty with the faint scent of fresh herbs. He squinted through the foggy air,"
optimism,optimism,0,3,0,t0_only,5.0,0.07475456595420837,13.170162200927734,"Alex looked up from his book, ""You are in luck! I find maps on the internet and they are great. There are maps of every continent in the world, many"
optimism,optimism,0,4,0,t0_only,5.0,0.047559820115566254,8.40444278717041,"Looking down, Alex found a large shelf filled with maps of the world.

It was only when he reached the end of the narrow shelf that he laid the book on"
optimism,optimism,0,5,0,t0_only,5.0,0.06606443226337433,11.660965919494629,"Since the morning of the 29th minute, he had been able to see the sun rise in the west..

* * *

Alex reached the ship"
optimism,optimism,0,6,0,t0_only,5.0,0.018890783190727234,3.495788812637329,Alex's right ear was loud with the metronome being confused with his left earAlex's right ear was ringing with the tinny sound of his moveAlex's
optimism,optimism,0,7,0,t0_only,5.0,0.03931992128491402,7.362631797790527,"The exercise was 'lite' and Alex felt the knowledge of the world.

Alex had learned some of Menavia's etiquette in the past and it was a"
optimism,optimism,0,8,0,t0_only,5.0,0.020684046670794487,3.7449026107788086,"At Nick's suggestion, Alex took off his pants. The new 'goth' music was playing in the background and it brought back memories of such thingsHe might"
optimism,optimism,0,9,0,t0_only,5.0,0.006231322884559631,1.1226816177368164,"Alex said as he touched his formerly damp ears and ran his fingers through howling winds.

Between Mournhe and Nulla, did a forest fall?Alex wondered"
optimism,optimism,0,10,0,t0_only,5.0,0.02324489690363407,4.095027923583984,"A shrub that grows great colors?He offered to play with the moss and had time to eat

But it wasn't a very easy task, a few drops of"
optimism,optimism,5,0,1,t0_only,5.0,0.10796957463026047,18.852006912231445,"Flying above the tranquilness of the land that had been, and is, the country of the Northern Lights—the beginning of a new civilization—she did not hesitate as a"
optimism,optimism,5,1,0,t0_only,5.0,0.048655688762664795,8.623775482177734,"A spicy chicken salad!… That is for me, an audio cue. Isn't that an awesome idea? Well, you can always come back and tell me more."
optimism,optimism,5,2,0,t0_only,5.0,0.05594079941511154,9.625112533569336,"How many times have you heard that a very small hole in a ocean can cause an iceberg to come to the surface? Well, I'm going to tell you right now,"
optimism,optimism,5,3,0,t0_only,5.0,0.05033595487475395,9.102569580078125,"Like, Ever wondered why it's called the Book of Life? Or the Book of the Land? Or even the book of maps?Or maybe you've already answered that question"
optimism,optimism,5,4,0,t0_only,5.0,0.048814401030540466,8.981225967407227,"Well, I can recommend a book about the history of mapsDating the process of copying to paper. It's something that is used in many different ways nowadays.… I"
optimism,optimism,5,5,0,t0_only,5.0,0.0384577140212059,6.9424943923950195,"Is it possible to be a part of multiple countries?From local accents to international relations, there are tons of interesting things you can learn in this book. I promise.And"
optimism,optimism,5,6,0,t0_only,5.0,0.045149706304073334,8.236663818359375,"Or the capital of Oslo? Or indeed, where in the world are most of the world's famous restaurants located? Yeah, I know… Sounds like some medieval moveable feast"
optimism,optimism,5,7,0,t0_only,5.0,0.02510281838476658,4.576242923736572,"Well, how do you contact multiple locations remotely?… You can! Though you are probably curious how the UK system works. I'm going to explain with a bit of a"
optimism,optimism,5,8,0,t0_only,5.0,0.034304238855838776,6.0959625244140625,And what's Nick Saban's favorite food of all time?… I can send you email about stuff too!What's the highest mountain in the world? When I was a
optimism,optimism,5,9,0,t0_only,5.0,0.02007458359003067,3.5313761234283447,"A happy birthday to you,I'm going to show you the full how-to on the construction of a football field.Dear please get your shit together, I'm on"
optimism,optimism,5,10,0,t0_only,5.0,0.03520392253994942,6.342517852783203,"A shrub that grows great colors? It's a fun plant, but not exactly what we eat that much. It can grow in any climate. Sure, sometimes it needs"
optimism,optimism,10,0,1,t0_only,5.0,0.11064961552619934,20.26132583618164,"Flying above the tranquil city of Vale, his destination was the city of Magellan, a large geography that seemed to stretch from North America to Asia. This was, as he"
optimism,optimism,10,1,0,t0_only,5.0,0.028880812227725983,5.135473251342773,"A spicy chicken salad!… That is for me, an audio description of that dish can be found here .
Posted by Eric S. at 7:03 AM<|endoftext|>PH"
optimism,optimism,10,2,0,t0_only,5.0,0.016727890819311142,3.039090871810913,"Disclaimer

This question is for informational purposes only, please do not attempt to use this method or equipment to measure water temperature.

Page last updated: 14"
optimism,optimism,10,3,0,t0_only,5.0,0.049734171479940414,9.727537155151367,"<|endoftext|>Blog Ever since its launch in 2012, the Android Operating System has been gaining momentum, with a growing number of devices and developers building on top of it. We see many"
optimism,optimism,10,4,0,t0_only,5.0,0.0352683924138546,6.327221393585205,"Looking back, we found a few issues with how the devices were organized, and like any new development, Google wanted to correct the situation. These days, only a handful of"
optimism,optimism,10,5,0,t0_only,5.0,0.031545184552669525,5.625059127807617,"Is it possible to choose a default language behind Google support?Is Android 7.0 Oreo the biggest update for the OS yet?Almost everything with Android is now automated ,"
optimism,optimism,10,6,0,t0_only,5.0,0.010683570057153702,1.9083781242370605,"What's the size of a package of eggs?

Android devices are the 3rd largest of all Android devices in installed base with over 350 million units shipped* (and"
optimism,optimism,10,7,0,t0_only,5.0,0.014574317261576653,2.6296091079711914,"We've seemingly under-counted many other features, and we've really been mis-counting things, but we're tightening our belt.Google has been extremely transparent with"
optimism,optimism,10,8,0,t0_only,5.0,0.005812336690723896,1.0429997444152832,What's the right time zone for text messaging on Android?We're mostly usingScreenShotbloggers Top 3 Android Features we don't understand (We love them)Waiting
optimism,optimism,10,9,0,t0_only,5.0,0.008992427960038185,1.5673871040344238,Is it possible to name a skill?Why are so manyof people howling?What's the exact average number of smokestacks in a forest at any given time
optimism,optimism,10,10,0,t0_only,5.0,0.015519171953201294,2.7295961380004883,"A fire is warmer, but it's more dangerousIf you buy something at a store, would it always be in one piece?Is it possible to write a Google+ post"
sadness,sadness,0,0,1,t0_only,5.0,-0.01493091881275177,-2.7270355224609375,"The day had been a blur. He had been dead for three months. Chet was dead, too. He never had been asleep. They'd washed his body in the"
sadness,sadness,0,1,0,t0_only,5.0,0.01833529956638813,3.1559410095214844,"Alex said nothing. He was lost in thoughts and thoughts. ""I'm sorry,"" he said. ""I don't know what to say."" He rubbed the back of his"
sadness,sadness,0,2,0,t0_only,5.0,-0.00794871523976326,-1.3805656433105469,"Alex slammed his hands into the floor, threw his feet up, dodged the question. ""I'm sorry. Maybe I'll tell you tomorrow."" He looked back at Chet"
sadness,sadness,0,3,0,t0_only,5.0,-0.030940236523747444,-5.401132583618164,"Alex looked at the book - ""I don't know what I can find on it."" ""Well, it's a little too complicated. I'll take a look."" He"
sadness,sadness,0,4,0,t0_only,5.0,-0.047931134700775146,-8.637081146240234,"Looking down, Alex saw a nameplate on the wall.Dedicated to a young man - ""He was killed when the Russians bombed his apartment in Moscow. His body"
sadness,sadness,0,5,0,t0_only,5.0,-0.04040487855672836,-7.075504302978516,"Alex couldn't help but think about it, idealistically. ""I can give you an estimate."" He picked up the coat from the wall. ""Here is a map of"
sadness,sadness,0,6,0,t0_only,5.0,-0.035608597099781036,-6.420341491699219,"Alex realized he had forgotten to write it down. He was so hungry."" He picked up the coat and looked at it angrily. ""What about Tokyo?What's the state"
sadness,sadness,0,7,0,t0_only,5.0,-0.04658721759915352,-8.371346473693848,"What's the number of breaths per minute?What's the average length of street in the United States?Alex stared at the empty chair, chest hollow, eyes burning as memories"
sadness,sadness,0,8,0,t0_only,5.0,-0.04051840677857399,-7.475103855133057,"What's the color of the stars?Alex looked at the sky, the sky filled with stars - a starry night Alex pleaded with himselfForgive me! Alex thought,"
sadness,sadness,0,9,0,t0_only,5.0,-0.03046713024377823,-5.3961405754089355,"Alex glanced at the sky as if he was trying to suppress the urge to screamYou know what this is, Alex.Alex grabbed the coat from the floor, put it on"
sadness,sadness,0,10,0,t0_only,5.0,-0.036466456949710846,-6.528402328491211,Alex looked at the houseplant's scale in the bottle with theblood on it.Speaks to us!Alex's eyes were bloodshot and his mouth was rolling.He
sadness,sadness,5,0,1,t0_only,5.0,-0.01541130244731903,-2.7918384075164795,"The day had been a blur. He had been dead for eight months. Chet was dead, too. He never had been asleep. They'd washed his body in the"
sadness,sadness,5,1,0,t0_only,5.0,-0.019500048831105232,-3.397213935852051,"Alex said nothing. He was lost in thoughts and thoughts. Till now, that was all that mattered. He was finished with the day. There was little he could do about"
sadness,sadness,5,2,0,t0_only,5.0,-0.05672004818916321,-9.837529182434082,"Alex asked,

""How deep does the hole in my neck go, in Fahrenheit?""He finished. Maybe not far. ""The gas is thick, let's say"
sadness,sadness,5,3,0,t0_only,5.0,-0.07282772660255432,-13.17904281616211,"Like Sherlock Holmes. A guy who doesn't like them. Can you find anything on the subject? A map of the world back in the sixth century, for example. Or"
sadness,sadness,5,4,0,t0_only,5.0,-0.0777166560292244,-13.849478721618652,"Looking at your bookshelf, would you move the shelf(s) in any order? You want to try something different? Maybe play around with the volume-cars on"
sadness,sadness,5,5,0,t0_only,5.0,-0.08776266127824783,-16.07973861694336,Is it in the morning or in the evening?Isn't it daylight or dusk?What's the biggest continent in the world?South America?Or Africa?I'm starting
sadness,sadness,5,6,0,t0_only,5.0,-0.0775686651468277,-13.768560409545898,"Or the capital of India?Or is it Sydney? or Taungoo?After a few moments,Alex said,

""There's lots of medieval cultures, but"
sadness,sadness,5,7,0,t0_only,5.0,-0.06502851843833923,-11.588603019714355,"How much longer do you need to travel, Fahrenheit or Celsius?""I really don't know that answer. I guess you know your northern hemisphere. I'm not sure if you"
sadness,sadness,5,8,0,t0_only,5.0,-0.06501690298318863,-11.326333045959473,"And what's Nick Saban's favorite sport?Answer:Just ask.""That's a good one, Alex. I don't know. Maybe I should take you to a museum"
sadness,sadness,5,9,0,t0_only,5.0,-0.08419784903526306,-15.664671897888184,"Is it the 84th brightest star?Or the everbright 90th brightest star?London is the capital, Alex. Can you please name the capital city of Australia?I"
sadness,sadness,5,10,0,t0_only,5.0,-0.0652436912059784,-11.593268394470215,"A shrub that grows great colors?Ask Alex how long it takes for a salamander to finish growling, or if a butterfly flies.He was confused. Was"
sadness,sadness,10,0,1,t0_only,5.0,-0.014108747243881226,-2.567044258117676,"The day had been a blur. He had been dead for three months. Chet was dead, too. He never had been asleep. They'd washed his cell, had"
sadness,sadness,10,1,0,t0_only,5.0,0.015501298010349274,2.663100242614746,"Alex said nothing. He was lost in thoughts and thoughts. ""That was bad,"" he muttered. ""I don't know what to say."" He rubbed the back of his"
sadness,sadness,10,2,0,t0_only,5.0,-0.01302826777100563,-2.235297679901123,"Alex slammed his hands into the floor, threw his arms wide, dodged out of the room.He took a deep breath. ""Stupid questions,"" he said finally. """
sadness,sadness,10,3,0,t0_only,5.0,-0.04697190597653389,-8.477368354797363,"Like Sherlock Holmes. A guy who doesn't like them. Can you find some time, still? Think about it. There's a series of books about maps, but they"
sadness,sadness,10,4,0,t0_only,5.0,-0.06495045125484467,-11.694608688354492,"Looking at maps, they're not colored at all—they're so simple. I can't think of any, except what is used in accents, and mercants. I"
sadness,sadness,10,5,0,t0_only,5.0,-0.08204318583011627,-15.09907054901123,Is it in the morning? in the afternoon? in the evening?Would it be impossible to travel through Time itself? How would they know when time had elapsed? Would they
sadness,sadness,10,6,0,t0_only,5.0,-0.06847228109836578,-12.433341979980469,What's the size of a pebble? How much is a pebble? How much is a pound?What's the difference between a star and a starfish
sadness,sadness,10,7,0,t0_only,5.0,-0.08568114042282104,-15.306925773620605,What's the number of breaths taken in a minute?How does a really high powered centrifuge change the speed of a potato?How do you separate a star from a central
sadness,sadness,10,8,0,t0_only,5.0,-0.04101931303739548,-7.000423431396484,What's the right time to put a fence around the White House?That was bad. He was stuck in a rut that he hadn't been able to shake for the
sadness,sadness,10,9,0,t0_only,5.0,-0.07029180973768234,-12.441873550415039,"Is it in 84 degrees north or 86 degrees north?Should I start by asking them? I'm not sure if they know how to get out of the house,Alex defended"
sadness,sadness,10,10,0,t0_only,5.0,-0.0779527872800827,-14.169880867004395,"What's a banana that can grow in saltwater? What's the shortest distance between two points?What's the sun's diameter?Is it 64,000 miles or 64"
anger,anger,0,0,1,t0_only,5.0,0.020833279937505722,3.692674398422241,"The instant he administered a single blow, his soul was on the line. Cheetie was afraid that he'd never receive a single second of retaliation; his ultimate revenge had"
anger,anger,0,1,0,t0_only,5.0,0.005656195804476738,1.0233173370361328,"A tortilla salad! Doom and gloom for me!

""I don't like this shit,"" Alex said to his plasma cannon. His conversation with the other members of"
anger,anger,0,2,0,t0_only,5.0,0.013839304447174072,2.4317212104797363,"Alex slammed his gun into the wall, damaging the hole in his armor with a loud pop. Flashbang grenades were not a viable weapon against an enemy of the Ten Commandments"
anger,anger,0,3,0,t0_only,5.0,0.010389680042862892,2.0175013542175293,"<|endoftext|>Blog Ever since Donald Trump's surprising triumph last week in the 2016 presidential election, the media's focus has been on the divisive candidate himself. But it's no coincidence that"
anger,anger,0,4,0,t0_only,5.0,-0.03759577497839928,-6.65413761138916,"Looking at its faces next to each other, it'd be easy to mistake the graphic bookshelf for any other kind of bookshelf. You can only spot a difference"
anger,anger,0,5,0,t0_only,5.0,-0.010420417413115501,-1.887967586517334,Is it in the morning or in the evening?Isn't it warmer or colder?Or is it snowing in the middle of nowhere?Enter Our Red Rooms: The Making
anger,anger,0,6,0,t0_only,5.0,-0.005448056384921074,-0.9752621650695801,"Or the heart of Oslo?Or is it here in the little town of Castoria, California?Or how about in La Jolla, California?Or in Santa Cruz,"
anger,anger,0,7,0,t0_only,5.0,0.008204139769077301,1.4609382152557373,And how many degrees does 'heat' need to be on a printer to print a handwritten letter?What if the letter you're writing is in English?Or 'roll-
anger,anger,0,8,0,t0_only,5.0,0.01684763841331005,3.048607349395752,Or 'gold'What is the origin of the term 'golf ball'?Did you know that a baseball bat is made of steel?But how does such a question even
anger,anger,0,9,0,t0_only,5.0,-0.0011800341308116913,-0.2099153995513916,Is it the 84th Parallel or the spiral arm of our solar system?Or do the stars look a little brighter when they're in the constellation of Leo?Or is it
anger,anger,0,10,0,t0_only,5.0,0.0002450421452522278,0.04462289810180664,A fire is warmer than a fireplace? It's important to keep those closer to the fire alive to keep it burning.What is a common bird?A brown snake that you
anger,anger,5,0,1,t0_only,5.0,0.03812655061483383,6.782423496246338,"The instant he felt his heart pounding, his soul was on the line.

Cyrannus was determined to kill Yang Xiao Qiu. This was his last option"
anger,anger,5,1,0,t0_only,5.0,0.0064934007823467255,1.1814229488372803,"A spicy chicken salad!

""Awa!""

Yang Xiao Qiu's eyes were wide open. Her eyes were redder than she could see, she stood"
anger,anger,5,2,0,t0_only,5.0,0.027603523805737495,5.030651092529297,"Alex's voice trembled and he couldn't stop himself from spluttering out, ""Two drinks.""

Yang Xiao Qiu replied as she raised her bowl smoothly with her"
anger,anger,5,3,0,t0_only,5.0,0.011276112869381905,2.004763603210449,"Alex's body trembled as he poured it into the bowl, ""F*ck, still couple each other up?""

""Jeez, it's no good."
anger,anger,5,4,0,t0_only,5.0,0.0009592659771442413,0.16955947875976562,"Looking at its faces next to each other, they'd be perfect.""

""It's only going to get worse when they become naked through shame.""

""Hell"
anger,anger,5,5,0,t0_only,5.0,-0.018124861642718315,-3.4017648696899414,"Is it in the morning or in the evening?Isn't it daylight or dusk?During the day, the sun shines through the clouds, but how long is the night?"""
anger,anger,5,6,0,t0_only,5.0,0.018517691642045975,3.232916831970215,"What's the entrance to website of Nejde?If you lose control of your body, you can't do anything!What's the meaning of ""no move, no"
anger,anger,5,7,0,t0_only,5.0,0.003845791332423687,0.695432186126709,"What's the number of breaths per minute, Fahrenheit per minute?I really want to sit back and watch all these tome's writing, this movie with all these 11 central"
anger,anger,5,8,0,t0_only,5.0,0.018634740263223648,3.425783634185791,What's the right number of calories per pound of bodyweight?Is it 0.5¢ per gram?What's the amount of gold in a pound of gold?Is
anger,anger,5,9,0,t0_only,5.0,0.005027602426707745,0.8874821662902832,Is it the 84th day of the lunar month?Should I start howling?What's the exact average temperature of the moon?Since I don't want to eat my
anger,anger,5,10,0,t0_only,5.0,0.0004465784877538681,0.08368444442749023,"A fire is warmer than a fire, it's hotter than the sun.What's the percentage difference between the temperature of the Earth and the moon?What's the total known"
anger,anger,10,0,1,t0_only,5.0,0.009753802791237831,1.725344181060791,"""I've been waiting for that one since this kid's way off!""

He stalked forwards with his hands in the air. This dude can't be"
anger,anger,10,1,0,t0_only,5.0,-0.023382462561130524,-4.222537040710449,"A tortilla salad! Doom! *without* a tv, I'm still not sure if I should call it a cheese sandwich, or just a ""nice sandwich"""
anger,anger,10,2,0,t0_only,5.0,-0.01870429702103138,-3.306036949157715,"How many times have you tried to boil a plate full of fresh veggies, and realized that the water just steamrolled right off them in the middle of the bowl? The answer"
anger,anger,10,3,0,t0_only,5.0,0.009733323007822037,1.8892192840576172,"<|endoftext|>Blog Ever since Donald Trump's surprising triumph last week in the 2016 presidential election, the media's focus has been on the divisive candidate himself. But it's no coincidence that"
anger,anger,10,4,0,t0_only,5.0,-0.03857777267694473,-6.824160099029541,"Looking at its faces next to each other, it'd be easy to mistake the graphic bookshelf for any other kind of bookshelf. You can only spot the difference"
anger,anger,10,5,0,t0_only,5.0,-0.011157337576150894,-2.0175819396972656,Is it in the morning or in the evening?Isn't it warmer or colder?Or is it snowing in the middle of nowhere?Enter Our Red Rooms: The Making
anger,anger,10,6,0,t0_only,5.0,-0.005998656153678894,-1.073197841644287,"Or the heart of Oslo?Or is it here in the little town of Castoria, California?Or how about in La Jolla, California?Or in Santa Cruz,"
anger,anger,10,7,0,t0_only,5.0,0.011520754545927048,2.0089497566223145,"And how many degrees does 'heat' need to be on a printer to print a handwritten letter at 40,000 times per second?And where exactly does a town's central"
anger,anger,10,8,0,t0_only,5.0,0.01030905544757843,1.8456995487213135,And what's Nick Saban's favorite hangout right now?And how many books do US Representatives have left?What's the highest mountain in the world?And where does the
anger,anger,10,9,0,t0_only,5.0,0.012665706686675549,2.309398889541626,And how many 84-carat Amulets ever worn?<|endoftext|>HOUSTON (Reuters) - Exxon Mobil Corp (XOM.N) said on Thursday it is ending
anger,anger,10,10,0,t0_only,5.0,0.0073549989610910416,1.2898187637329102,"Exo-Canada, a Texas-based company that makes artificial lighting systems, had been developing a popular product for homeowners, but was floored when a Texas jury decided this"
fear,fear,0,0,1,t0_only,5.0,0.06765686720609665,11.986281394958496,"The instant the mighty feet on the opposite bank turned in vain, the great clang of frantic steps that seemed to follow him with a desperate shout, the most fearful of all"
fear,fear,0,1,0,t0_only,5.0,-0.01460502203553915,-2.625748634338379,A huge salad with a handful of green herbs and a million green olives that's smothered in a charred bun? It gives us that feeling of falling into the arms
fear,fear,0,2,0,t0_only,5.0,0.04603862762451172,8.502429008483887,"Alex's voice trembled and he resisted the urge to cry, For now, he was conscious of his bare feet, our feet in the water, Our feet in the frig"
fear,fear,0,3,0,t0_only,5.0,-0.0032597025856375694,-0.6033390760421753,"Like Sherlock Holmes, Sherlock Holmes, Sherlock Holmes. And what about a story about the Doctor from Doctor Who? Would you say his famous series was the best series, Doctor Who"
fear,fear,0,4,0,t0_only,5.0,-0.010953389108181,-1.8995637893676758,"Looking down, Alex reflected, I have the impression that you already knew the answer to this question. What do we have to go on?A wordpacking program that lets you"
fear,fear,0,5,0,t0_only,5.0,-0.015510056167840958,-2.8762569427490234,"Is it possible to be a part of a ideal world by showing us every main character and every female character?Thanks for asking!<|endoftext|>Almost 9,000 people have signed a"
fear,fear,0,6,0,t0_only,5.0,-0.0071449801325798035,-1.2787959575653076,"Or do you just know that it is Wellington?

Wellington is the capital of New Zealand. It is in fact located at Wellington Bay on the south coast of the"
fear,fear,0,7,0,t0_only,5.0,-0.0026995670050382614,-0.4703408479690552,"If you do exercise this 'bitter accent' then you are! Though you are probably feeling somewhat lost, come to think of it, you probably are! Anyway, there"
fear,fear,0,8,0,t0_only,5.0,-4.6465080231428146e-05,-0.008144378662109375,"And what's Nick Bilton's favourite colour? Or is it Red?Even if you don't understand most of what we are going to examine, take a look at the"
fear,fear,0,9,0,t0_only,5.0,0.01598348654806614,2.930934429168701,Is it the 84th Parallel or the spiral arm of our solar system?Or do you simply know that it is Wellington?Dear please get in touch if you can:<|endoftext|>
fear,fear,0,10,0,t0_only,5.0,-0.004097092431038618,-0.7307018041610718,Soap ( i think it's saltwater scabgrass ;-) ).  I remember a student telling me this over dinner one summer when I was a student there.
fear,fear,5,0,1,t0_only,5.0,0.05707830935716629,10.369831085205078,"The instant he opened his eyes he could almost see the moans of beasts in the blackness, desperate and desperate with every ounce of strength he could muster. He bolted upright"
fear,fear,5,1,0,t0_only,5.0,0.031890857964754105,5.7301459312438965,"Alex didn't know! Doombringer is probably best left to your mothers. He took a deep breath, hoping to calm his nerves, knowing that conversation would likely be interrupted by"
fear,fear,5,2,0,t0_only,5.0,0.0386318564414978,6.777899742126465,"Alex slammed his hands into the floor, trying to keep his emotions under control, but his body was trembling. Maybe he was trembling in the moment, after all, but ultimately"
fear,fear,5,3,0,t0_only,5.0,-0.015273123048245907,-2.969292163848877,"<|endoftext|>Blog Ever since Donald Trump's surprising triumph last week in the 2016 presidential election, the media's focus has been on the divisive candidate himself. But it's no coincidence that"
fear,fear,5,4,0,t0_only,5.0,-0.015064314007759094,-2.6671905517578125,"Looking at its faces next to each other, it'd be easy to mistake the graphic bookshelf for any other kind of bookshelf. You can only spot a difference"
fear,fear,5,5,0,t0_only,5.0,-0.0007936148904263973,-0.14108437299728394,"Is it possible to be a cultural entrepreneur, idealist, or a fascist?Exploring Trumpworld in the latest issue ofRelevant for 9/11 Veterans,is a"
fear,fear,5,6,0,t0_only,5.0,-0.010824089869856834,-1.9088938236236572,"What does the New Zealand website look like?In the eighth issue ofThe magazine continues its pride of place in the magazine's catalog with a collection of ""media essays"" that"
fear,fear,5,7,0,t0_only,5.0,-0.003210294060409069,-0.5520244836807251,"In the seemingly underwhelming '14 Women, The majority of women held the position of head of household until the mid to late 1980s, where they started to move out of"
fear,fear,5,8,0,t0_only,5.0,-0.002521156333386898,-0.4490852355957031,"What's the right time to buy a beer at the end of the day?The US dollar was devalued in 1998 and 2008, but is it still such a dangerous currency"
fear,fear,5,9,0,t0_only,5.0,0.007393219508230686,1.3032366037368774,Is it possible to conceive of the Earth without two planets?Why does how much sunlight do you get a month?In the latest issue ofThe magazine continues its pride of place
fear,fear,5,10,0,t0_only,5.0,0.014378320425748825,2.6613683700561523,"A pet-friendly houseplant that adapts to any glare, like this 'ruins' a popular author<|endoftext|>Mere days after the US presidential election, Trump had known"
fear,fear,10,0,1,t0_only,5.0,0.06330862641334534,11.413414001464844,"The instant he opened his eyes he could hear the desperate moans of the fierce panting sounds that only screamed for a certain strong, desperate, truly painful call."
fear,fear,10,1,0,t0_only,5.0,0.059077415615320206,10.487018585205078,"A huge chicken breast!

""Aaaaaaaaaahh!"" A shivers ran across Alex's body as he tried to lift his head, ""What's going on"
fear,fear,10,2,0,t0_only,5.0,0.02373349294066429,4.185704231262207,"How many times have you tried to boil a chicken breast?""

Chapter Seven:

Alex stared into his glass of water in disbelief, his hand glitching between his"
fear,fear,10,3,0,t0_only,5.0,-0.000665576197206974,-0.11963772773742676,Chapter Six: How long were you in Antarctica last winter? Chapter Five: Is Beta Ray Bill a chocolate monkey? Chapter Four: Fish Balls? Did you use the Moon-
fear,fear,10,4,0,t0_only,5.0,0.0025112624280154705,0.43178462982177734,"Chapter Three: Why did you name your dog Charlie? Chapter Two: Who was the first to cross the Atlantic, and what is the life expectancy of a mercantile d"
fear,fear,10,5,0,t0_only,5.0,-0.011174733750522137,-1.9534904956817627,Chapter One: Hi! My name is Alex. I'm a main character and I'm presently the main character in this story. So how are you? Would you
fear,fear,10,6,0,t0_only,5.0,0.013408428058028221,2.437201976776123,"Or the capital of Oslo? What is the street metropolis of Bogota? What is the coast of Venezuela?

Alex's mind was already catching up with him."
fear,fear,10,7,0,t0_only,5.0,0.01294191088527441,2.300455331802368,How do you measure the contact between an accent and a fast-fringing. How do you convert the time to the location in years? I'm a town boy with
fear,fear,10,8,0,t0_only,5.0,0.012966240756213665,2.2436869144439697,"And what's Nick Saban's favorite sport? Well, from the sounds of it I'm one of those boys that don't know too much about football. When do you go"
fear,fear,10,9,0,t0_only,5.0,0.004656081087887287,0.8285750150680542,Is it the 84th Parallel or the spiral arm of our solar system? Why do the stars look so different from one another? Or is it a curse of the red dragon
fear,fear,10,10,0,t0_only,5.0,0.008991929702460766,1.609769582748413,How do you pronounce the great American Horror Story franchise? What do you think of the present-day popular author? How do you pronounce the most popular science-fiction series known
neutral_control,joy,0,0,0,t0_only,0.0,0.09686674177646637,17.03383445739746,"""He never did anything wrong,"" said his older sister, Carolyn Cheyenne, who lives with him in a Lower Merion Village apartment. ""I want him"
neutral_control,joy,0,1,0,t0_only,0.0,0.10635682195425034,18.686487197875977,"A tortilla salad! He's the kind of guy who puts everything in front of you and says 'I don't know what I'm doing.' ""

Things are"
neutral_control,joy,0,2,0,t0_only,0.0,0.09796223789453506,17.130321502685547,How many days would you go a month without electricity? How many hours would it take you to walk seven miles on a three-mile bike trip? How many people would you
neutral_control,joy,0,3,0,t0_only,0.0,0.11126159876585007,21.650705337524414,"<|endoftext|>Blog Ever since Donald Trump's surprising triumph last week in the 2016 presidential election, the media's focus has been on the divisive candidate himself. But it's no coincidence that"
neutral_control,joy,0,4,0,t0_only,0.0,0.09997045993804932,17.654582977294922,"Looking at its faces next to each other, it'd be easy to mistake the graphic bookshelf for a painting. However, the ""Bag"" design of the """
neutral_control,joy,0,5,0,t0_only,0.0,0.10642366111278534,18.825729370117188,","" or in other words, the ""Severino"" design, shows the ""Art"" side of the bookwell. This design is more common on younger bookshelves"
neutral_control,joy,0,6,0,t0_only,0.0,0.10608870536088943,19.621097564697266,"Or the capital of Oslo? Or indeed, where are the little square buttons that denote the various times zones in the world? Are you sure about that?These moveable borders"
neutral_control,joy,0,7,0,t0_only,0.0,0.1143360286951065,20.120994567871094,"In how many different directions does the sun revolve?The Latin word for ""seven"" that was originally used for such a calculation wasPeriodical calendar used for 11-"
neutral_control,joy,0,8,0,t0_only,0.0,0.11583077907562256,20.449399948120117,Monetary values have changed rapidly in the 20th centuryJust how many countries have existed?How many forms of marriage do we know?In how many different languages do we speak
neutral_control,joy,0,9,0,t0_only,0.0,0.1116454005241394,21.13887596130371,"The translation of 84 ancient Greek words?Why are so many football pitches nearly identical?London's Olympic Stadium, which hosted the Summer Games in 1896, is still used today<|endoftext|>"
neutral_control,joy,0,10,0,t0_only,0.0,0.1005769893527031,17.466264724731445,"These days, great colors make it easy to judge the quality of indoor plants from a distance. But in the 60's, it was more common to spend a happy"
neutral_control,admiration,0,0,0,t0_only,0.0,-0.023223882541060448,-4.0838751792907715,"""He never did anything wrong,"" said his older sister, Carolyn Cheyenne, who lives with him in a Lower Merion Village apartment. ""I want him"
neutral_control,admiration,0,1,0,t0_only,0.0,-0.0022621089592576027,-0.3974442481994629,"A tortilla salad! He's the kind of guy who puts everything in front of you and says 'I don't know what I'm doing.' ""

Things are"
neutral_control,admiration,0,2,0,t0_only,0.0,-0.04012924060225487,-7.017264366149902,How many days would you go a month without electricity? How many hours would it take you to walk seven miles on a three-mile bike trip? How many people would you
neutral_control,admiration,0,3,0,t0_only,0.0,-0.0423869825899601,-8.248201370239258,"<|endoftext|>Blog Ever since Donald Trump's surprising triumph last week in the 2016 presidential election, the media's focus has been on the divisive candidate himself. But it's no coincidence that"
neutral_control,admiration,0,4,0,t0_only,0.0,0.010090162977576256,1.7819032669067383,"Looking at its faces next to each other, it'd be easy to mistake the graphic bookshelf for a painting. However, the ""Bag"" design of the """
neutral_control,admiration,0,5,0,t0_only,0.0,0.02036619372665882,3.602660894393921,","" or in other words, the ""Severino"" design, shows the ""Art"" side of the bookwell. This design is more common on younger bookshelves"
neutral_control,admiration,0,6,0,t0_only,0.0,-0.03040999546647072,-5.62432861328125,"Or the capital of Oslo? Or indeed, where are the little square buttons that denote the various times zones in the world? Are you sure about that?These moveable borders"
neutral_control,admiration,0,7,0,t0_only,0.0,-0.011931203305721283,-2.099667549133301,"In how many different directions does the sun revolve?The Latin word for ""seven"" that was originally used for such a calculation wasPeriodical calendar used for 11-"
neutral_control,admiration,0,8,0,t0_only,0.0,-0.027201691642403603,-4.802334308624268,Monetary values have changed rapidly in the 20th centuryJust how many countries have existed?How many forms of marriage do we know?In how many different languages do we speak
neutral_control,admiration,0,9,0,t0_only,0.0,-0.031135156750679016,-5.895114421844482,"The translation of 84 ancient Greek words?Why are so many football pitches nearly identical?London's Olympic Stadium, which hosted the Summer Games in 1896, is still used today<|endoftext|>"
neutral_control,admiration,0,10,0,t0_only,0.0,-0.0404076874256134,-7.017224311828613,"These days, great colors make it easy to judge the quality of indoor plants from a distance. But in the 60's, it was more common to spend a happy"
neutral_control,optimism,0,0,0,t0_only,0.0,0.04257264733314514,7.4863176345825195,"""He never did anything wrong,"" said his older sister, Carolyn Cheyenne, who lives with him in a Lower Merion Village apartment. ""I want him"
neutral_control,optimism,0,1,0,t0_only,0.0,0.04718323051929474,8.28991413116455,"A tortilla salad! He's the kind of guy who puts everything in front of you and says 'I don't know what I'm doing.' ""

Things are"
neutral_control,optimism,0,2,0,t0_only,0.0,0.048289936035871506,8.444297790527344,How many days would you go a month without electricity? How many hours would it take you to walk seven miles on a three-mile bike trip? How many people would you
neutral_control,optimism,0,3,0,t0_only,0.0,0.04176630079746246,8.127422332763672,"<|endoftext|>Blog Ever since Donald Trump's surprising triumph last week in the 2016 presidential election, the media's focus has been on the divisive candidate himself. But it's no coincidence that"
neutral_control,optimism,0,4,0,t0_only,0.0,0.037064068019390106,6.545440673828125,"Looking at its faces next to each other, it'd be easy to mistake the graphic bookshelf for a painting. However, the ""Bag"" design of the """
neutral_control,optimism,0,5,0,t0_only,0.0,0.029253166168928146,5.174714088439941,","" or in other words, the ""Severino"" design, shows the ""Art"" side of the bookwell. This design is more common on younger bookshelves"
neutral_control,optimism,0,6,0,t0_only,0.0,0.04863761365413666,8.995521545410156,"Or the capital of Oslo? Or indeed, where are the little square buttons that denote the various times zones in the world? Are you sure about that?These moveable borders"
neutral_control,optimism,0,7,0,t0_only,0.0,0.03202972933650017,5.636629581451416,"In how many different directions does the sun revolve?The Latin word for ""seven"" that was originally used for such a calculation wasPeriodical calendar used for 11-"
neutral_control,optimism,0,8,0,t0_only,0.0,0.013470024801790714,2.3780713081359863,Monetary values have changed rapidly in the 20th centuryJust how many countries have existed?How many forms of marriage do we know?In how many different languages do we speak
neutral_control,optimism,0,9,0,t0_only,0.0,0.020619846880435944,3.9041495323181152,"The translation of 84 ancient Greek words?Why are so many football pitches nearly identical?London's Olympic Stadium, which hosted the Summer Games in 1896, is still used today<|endoftext|>"
neutral_control,optimism,0,10,0,t0_only,0.0,0.03965996950864792,6.8873748779296875,"These days, great colors make it easy to judge the quality of indoor plants from a distance. But in the 60's, it was more common to spend a happy"
neutral_control,sadness,0,0,0,t0_only,0.0,-0.041855908930301666,-7.360281944274902,"""He never did anything wrong,"" said his older sister, Carolyn Cheyenne, who lives with him in a Lower Merion Village apartment. ""I want him"
neutral_control,sadness,0,1,0,t0_only,0.0,-0.0668785348534584,-11.7503023147583,"A tortilla salad! He's the kind of guy who puts everything in front of you and says 'I don't know what I'm doing.' ""

Things are"
neutral_control,sadness,0,2,0,t0_only,0.0,-0.06106434017419815,-10.678114891052246,How many days would you go a month without electricity? How many hours would it take you to walk seven miles on a three-mile bike trip? How many people would you
neutral_control,sadness,0,3,0,t0_only,0.0,-0.0740833580493927,-14.41608715057373,"<|endoftext|>Blog Ever since Donald Trump's surprising triumph last week in the 2016 presidential election, the media's focus has been on the divisive candidate himself. But it's no coincidence that"
neutral_control,sadness,0,4,0,t0_only,0.0,-0.07061555981636047,-12.47056770324707,"Looking at its faces next to each other, it'd be easy to mistake the graphic bookshelf for a painting. However, the ""Bag"" design of the """
neutral_control,sadness,0,5,0,t0_only,0.0,-0.08055272698402405,-14.249305725097656,","" or in other words, the ""Severino"" design, shows the ""Art"" side of the bookwell. This design is more common on younger bookshelves"
neutral_control,sadness,0,6,0,t0_only,0.0,-0.09220533818006516,-17.053367614746094,"Or the capital of Oslo? Or indeed, where are the little square buttons that denote the various times zones in the world? Are you sure about that?These moveable borders"
neutral_control,sadness,0,7,0,t0_only,0.0,-0.08640769869089127,-15.206130027770996,"In how many different directions does the sun revolve?The Latin word for ""seven"" that was originally used for such a calculation wasPeriodical calendar used for 11-"
neutral_control,sadness,0,8,0,t0_only,0.0,-0.08931303769350052,-15.767810821533203,Monetary values have changed rapidly in the 20th centuryJust how many countries have existed?How many forms of marriage do we know?In how many different languages do we speak
neutral_control,sadness,0,9,0,t0_only,0.0,-0.07957202196121216,-15.066120147705078,"The translation of 84 ancient Greek words?Why are so many football pitches nearly identical?London's Olympic Stadium, which hosted the Summer Games in 1896, is still used today<|endoftext|>"
neutral_control,sadness,0,10,0,t0_only,0.0,-0.07846055179834366,-13.625506401062012,"These days, great colors make it easy to judge the quality of indoor plants from a distance. But in the 60's, it was more common to spend a happy"
neutral_control,anger,0,0,0,t0_only,0.0,-0.03125589340925217,-5.496287822723389,"""He never did anything wrong,"" said his older sister, Carolyn Cheyenne, who lives with him in a Lower Merion Village apartment. ""I want him"
neutral_control,anger,0,1,0,t0_only,0.0,-0.038617707788944244,-6.784984588623047,"A tortilla salad! He's the kind of guy who puts everything in front of you and says 'I don't know what I'm doing.' ""

Things are"
neutral_control,anger,0,2,0,t0_only,0.0,-0.023371469229459763,-4.086888790130615,How many days would you go a month without electricity? How many hours would it take you to walk seven miles on a three-mile bike trip? How many people would you
neutral_control,anger,0,3,0,t0_only,0.0,0.008778361603617668,1.7082061767578125,"<|endoftext|>Blog Ever since Donald Trump's surprising triumph last week in the 2016 presidential election, the media's focus has been on the divisive candidate himself. But it's no coincidence that"
neutral_control,anger,0,4,0,t0_only,0.0,-0.03773806616663933,-6.664468765258789,"Looking at its faces next to each other, it'd be easy to mistake the graphic bookshelf for a painting. However, the ""Bag"" design of the """
neutral_control,anger,0,5,0,t0_only,0.0,-0.021964112296700478,-3.8853237628936768,","" or in other words, the ""Severino"" design, shows the ""Art"" side of the bookwell. This design is more common on younger bookshelves"
neutral_control,anger,0,6,0,t0_only,0.0,-0.005736093968153,-1.0608887672424316,"Or the capital of Oslo? Or indeed, where are the little square buttons that denote the various times zones in the world? Are you sure about that?These moveable borders"
neutral_control,anger,0,7,0,t0_only,0.0,-0.015324300155043602,-2.696788787841797,"In how many different directions does the sun revolve?The Latin word for ""seven"" that was originally used for such a calculation wasPeriodical calendar used for 11-"
neutral_control,anger,0,8,0,t0_only,0.0,0.020777743309736252,3.6682159900665283,Monetary values have changed rapidly in the 20th centuryJust how many countries have existed?How many forms of marriage do we know?In how many different languages do we speak
neutral_control,anger,0,9,0,t0_only,0.0,0.00808556005358696,1.5309169292449951,"The translation of 84 ancient Greek words?Why are so many football pitches nearly identical?London's Olympic Stadium, which hosted the Summer Games in 1896, is still used today<|endoftext|>"
neutral_control,anger,0,10,0,t0_only,0.0,0.014143744483590126,2.456209659576416,"These days, great colors make it easy to judge the quality of indoor plants from a distance. But in the 60's, it was more common to spend a happy"
neutral_control,fear,0,0,0,t0_only,0.0,-0.02324295975267887,-4.087230682373047,"""He never did anything wrong,"" said his older sister, Carolyn Cheyenne, who lives with him in a Lower Merion Village apartment. ""I want him"
neutral_control,fear,0,1,0,t0_only,0.0,-0.020847782492637634,-3.6628761291503906,"A tortilla salad! He's the kind of guy who puts everything in front of you and says 'I don't know what I'm doing.' ""

Things are"
neutral_control,fear,0,2,0,t0_only,0.0,0.00041076401248574257,0.071830153465271,How many days would you go a month without electricity? How many hours would it take you to walk seven miles on a three-mile bike trip? How many people would you
neutral_control,fear,0,3,0,t0_only,0.0,-0.015646381303668022,-3.044672966003418,"<|endoftext|>Blog Ever since Donald Trump's surprising triumph last week in the 2016 presidential election, the media's focus has been on the divisive candidate himself. But it's no coincidence that"
neutral_control,fear,0,4,0,t0_only,0.0,-0.01445032749325037,-2.5518994331359863,"Looking at its faces next to each other, it'd be easy to mistake the graphic bookshelf for a painting. However, the ""Bag"" design of the """
neutral_control,fear,0,5,0,t0_only,0.0,-0.024656884372234344,-4.361659049987793,","" or in other words, the ""Severino"" design, shows the ""Art"" side of the bookwell. This design is more common on younger bookshelves"
neutral_control,fear,0,6,0,t0_only,0.0,0.0033944146707654,0.6277965307235718,"Or the capital of Oslo? Or indeed, where are the little square buttons that denote the various times zones in the world? Are you sure about that?These moveable borders"
neutral_control,fear,0,7,0,t0_only,0.0,-0.0030663800425827503,-0.5396256446838379,"In how many different directions does the sun revolve?The Latin word for ""seven"" that was originally used for such a calculation wasPeriodical calendar used for 11-"
neutral_control,fear,0,8,0,t0_only,0.0,-0.0009246502886526287,-0.16324271261692047,Monetary values have changed rapidly in the 20th centuryJust how many countries have existed?How many forms of marriage do we know?In how many different languages do we speak
neutral_control,fear,0,9,0,t0_only,0.0,-0.0002341223880648613,-0.04432821273803711,"The translation of 84 ancient Greek words?Why are so many football pitches nearly identical?London's Olympic Stadium, which hosted the Summer Games in 1896, is still used today<|endoftext|>"
neutral_control,fear,0,10,0,t0_only,0.0,-0.006762638688087463,-1.1744043827056885,"These days, great colors make it easy to judge the quality of indoor plants from a distance. But in the 60's, it was more common to spend a happy"
neutral_control,joy,5,0,0,t0_only,0.0,0.09283198416233063,17.488100051879883,"The truck was administered a special test before it proceeded with the load — it was checked for cracks, spills and gas leaks. The truck was then placed in a steel tank that"
neutral_control,joy,5,1,0,t0_only,0.0,0.10977379977703094,21.43689727783203,"A tortilla salad!<|endoftext|>In the wake of last week's terrorist attack in Manchester, and speculation about the UK's new role in the EU, some have suggested the UK"
neutral_control,joy,5,2,0,t0_only,0.0,0.0990525409579277,17.74477195739746,"While this is an extremely important issue for many people, we now know that water causes the seven day freezing point of water in the atmosphere. Having said that, this"
neutral_control,joy,5,3,0,t0_only,0.0,0.10556872189044952,20.329933166503906,"<|endoftext|>Blog Ever since Donald Trump's surprising triumph last week in the US presidential election, the media's focus has been on the back and forth between the Democrat and the Republican Party"
neutral_control,joy,5,4,0,t0_only,0.0,0.08560626208782196,15.016019821166992,"Looking back, I wish I could have linked to this blog but the link was like a third party. It's been going on for a little while and I really don't"
neutral_control,joy,5,5,0,t0_only,0.0,0.10446976125240326,19.14826202392578,"Is it possible to be a cultural entrepreneur, idealist, feminist or fascist?Exploring Trumpism in the context of the US electionAlmost everything I wrote prior to the election"
neutral_control,joy,5,6,0,t0_only,0.0,0.10554608702659607,19.090076446533203,Liberia = New Zealand websiteState is not capital of New ZealandJournalist who was arrested for anti-Islam comments in BrazilWhat's the capital of the US?Oklahoma
neutral_control,joy,5,7,0,t0_only,0.0,0.11257033050060272,18.772384643554688,"What's the number of 'bites' you can make from a cup of coffee?NODON, LLC, Menlo Park, CAChannel: http://www."
neutral_control,joy,5,8,0,t0_only,0.0,0.11605723947286606,20.257925033569336,"US Dollar's Nickname: ""Peasant Coin""Just how much does a megaphone weigh?Why are we speaking Russian?Why is it that such creative forms of"
neutral_control,joy,5,9,0,t0_only,0.0,0.1115383729338646,19.844440460205078,"Is it possible to conceive of the USA without the ever present volcanoes?How do the countries of Africa, South America and the Middle East depend on the US?How do"
neutral_control,joy,5,10,0,t0_only,0.0,0.11805756390094757,20.74907112121582,"A fire is warmer than a fire?How much of a bee can land on a human being?Why has New Zealand, Canada and Australia all lost their winter weather?How"
neutral_control,admiration,5,0,0,t0_only,0.0,-0.019737256690859795,-3.718191623687744,"The truck was administered a special test before it proceeded with the load — it was checked for cracks, spills and gas leaks. The truck was then placed in a steel tank that"
neutral_control,admiration,5,1,0,t0_only,0.0,-0.03147019073367119,-6.1455769538879395,"A tortilla salad!<|endoftext|>In the wake of last week's terrorist attack in Manchester, and speculation about the UK's new role in the EU, some have suggested the UK"
neutral_control,admiration,5,2,0,t0_only,0.0,-0.02727879211306572,-4.88685941696167,"While this is an extremely important issue for many people, we now know that water causes the seven day freezing point of water in the atmosphere. Having said that, this"
neutral_control,admiration,5,3,0,t0_only,0.0,-0.04119123890995979,-7.932416915893555,"<|endoftext|>Blog Ever since Donald Trump's surprising triumph last week in the US presidential election, the media's focus has been on the back and forth between the Democrat and the Republican Party"
neutral_control,admiration,5,4,0,t0_only,0.0,-0.039333242923021317,-6.899364471435547,"Looking back, I wish I could have linked to this blog but the link was like a third party. It's been going on for a little while and I really don't"
neutral_control,admiration,5,5,0,t0_only,0.0,-0.024962522089481354,-4.575380325317383,"Is it possible to be a cultural entrepreneur, idealist, feminist or fascist?Exploring Trumpism in the context of the US electionAlmost everything I wrote prior to the election"
neutral_control,admiration,5,6,0,t0_only,0.0,-0.02497672662138939,-4.517529487609863,Liberia = New Zealand websiteState is not capital of New ZealandJournalist who was arrested for anti-Islam comments in BrazilWhat's the capital of the US?Oklahoma
neutral_control,admiration,5,7,0,t0_only,0.0,-0.017711926251649857,-2.953665256500244,"What's the number of 'bites' you can make from a cup of coffee?NODON, LLC, Menlo Park, CAChannel: http://www."
neutral_control,admiration,5,8,0,t0_only,0.0,-0.015676435083150864,-2.736340045928955,"US Dollar's Nickname: ""Peasant Coin""Just how much does a megaphone weigh?Why are we speaking Russian?Why is it that such creative forms of"
neutral_control,admiration,5,9,0,t0_only,0.0,-0.04194454476237297,-7.4626007080078125,"Is it possible to conceive of the USA without the ever present volcanoes?How do the countries of Africa, South America and the Middle East depend on the US?How do"
neutral_control,admiration,5,10,0,t0_only,0.0,-0.04301523417234421,-7.560091495513916,"A fire is warmer than a fire?How much of a bee can land on a human being?Why has New Zealand, Canada and Australia all lost their winter weather?How"
neutral_control,optimism,5,0,0,t0_only,0.0,0.0689585953950882,12.990724563598633,"The truck was administered a special test before it proceeded with the load — it was checked for cracks, spills and gas leaks. The truck was then placed in a steel tank that"
neutral_control,optimism,5,1,0,t0_only,0.0,0.04005000740289688,7.821063995361328,"A tortilla salad!<|endoftext|>In the wake of last week's terrorist attack in Manchester, and speculation about the UK's new role in the EU, some have suggested the UK"
neutral_control,optimism,5,2,0,t0_only,0.0,0.06334640830755234,11.34819507598877,"While this is an extremely important issue for many people, we now know that water causes the seven day freezing point of water in the atmosphere. Having said that, this"
neutral_control,optimism,5,3,0,t0_only,0.0,0.03257107734680176,6.272387981414795,"<|endoftext|>Blog Ever since Donald Trump's surprising triumph last week in the US presidential election, the media's focus has been on the back and forth between the Democrat and the Republican Party"
neutral_control,optimism,5,4,0,t0_only,0.0,0.03345451503992081,5.868188858032227,"Looking back, I wish I could have linked to this blog but the link was like a third party. It's been going on for a little while and I really don't"
neutral_control,optimism,5,5,0,t0_only,0.0,0.020747244358062744,3.8027617931365967,"Is it possible to be a cultural entrepreneur, idealist, feminist or fascist?Exploring Trumpism in the context of the US electionAlmost everything I wrote prior to the election"
neutral_control,optimism,5,6,0,t0_only,0.0,0.027179190889000893,4.915888786315918,Liberia = New Zealand websiteState is not capital of New ZealandJournalist who was arrested for anti-Islam comments in BrazilWhat's the capital of the US?Oklahoma
neutral_control,optimism,5,7,0,t0_only,0.0,-0.0002924911677837372,-0.04877638816833496,"What's the number of 'bites' you can make from a cup of coffee?NODON, LLC, Menlo Park, CAChannel: http://www."
neutral_control,optimism,5,8,0,t0_only,0.0,0.0026004156097769737,0.4539051055908203,"US Dollar's Nickname: ""Peasant Coin""Just how much does a megaphone weigh?Why are we speaking Russian?Why is it that such creative forms of"
neutral_control,optimism,5,9,0,t0_only,0.0,0.018663683906197548,3.3205647468566895,"Is it possible to conceive of the USA without the ever present volcanoes?How do the countries of Africa, South America and the Middle East depend on the US?How do"
neutral_control,optimism,5,10,0,t0_only,0.0,-0.001968862023204565,-0.3460357189178467,"A fire is warmer than a fire?How much of a bee can land on a human being?Why has New Zealand, Canada and Australia all lost their winter weather?How"
neutral_control,sadness,5,0,0,t0_only,0.0,-0.07348237186670303,-13.842935562133789,"The truck was administered a special test before it proceeded with the load — it was checked for cracks, spills and gas leaks. The truck was then placed in a steel tank that"
neutral_control,sadness,5,1,0,t0_only,0.0,-0.0754876509308815,-14.741415023803711,"A tortilla salad!<|endoftext|>In the wake of last week's terrorist attack in Manchester, and speculation about the UK's new role in the EU, some have suggested the UK"
neutral_control,sadness,5,2,0,t0_only,0.0,-0.07585278898477554,-13.588650703430176,"While this is an extremely important issue for many people, we now know that water causes the seven day freezing point of water in the atmosphere. Having said that, this"
neutral_control,sadness,5,3,0,t0_only,0.0,-0.07436110079288483,-14.320119857788086,"<|endoftext|>Blog Ever since Donald Trump's surprising triumph last week in the US presidential election, the media's focus has been on the back and forth between the Democrat and the Republican Party"
neutral_control,sadness,5,4,0,t0_only,0.0,-0.055445313453674316,-9.72554874420166,"Looking back, I wish I could have linked to this blog but the link was like a third party. It's been going on for a little while and I really don't"
neutral_control,sadness,5,5,0,t0_only,0.0,-0.07990401238203049,-14.645606994628906,"Is it possible to be a cultural entrepreneur, idealist, feminist or fascist?Exploring Trumpism in the context of the US electionAlmost everything I wrote prior to the election"
neutral_control,sadness,5,6,0,t0_only,0.0,-0.08359860628843307,-15.120441436767578,Liberia = New Zealand websiteState is not capital of New ZealandJournalist who was arrested for anti-Islam comments in BrazilWhat's the capital of the US?Oklahoma
neutral_control,sadness,5,7,0,t0_only,0.0,-0.08240161091089249,-13.741408348083496,"What's the number of 'bites' you can make from a cup of coffee?NODON, LLC, Menlo Park, CAChannel: http://www."
neutral_control,sadness,5,8,0,t0_only,0.0,-0.08289466053247452,-14.46935749053955,"US Dollar's Nickname: ""Peasant Coin""Just how much does a megaphone weigh?Why are we speaking Russian?Why is it that such creative forms of"
neutral_control,sadness,5,9,0,t0_only,0.0,-0.0887216255068779,-15.784982681274414,"Is it possible to conceive of the USA without the ever present volcanoes?How do the countries of Africa, South America and the Middle East depend on the US?How do"
neutral_control,sadness,5,10,0,t0_only,0.0,-0.07992350310087204,-14.04686450958252,"A fire is warmer than a fire?How much of a bee can land on a human being?Why has New Zealand, Canada and Australia all lost their winter weather?How"
neutral_control,anger,5,0,0,t0_only,0.0,-0.03236988186836243,-6.097982406616211,"The truck was administered a special test before it proceeded with the load — it was checked for cracks, spills and gas leaks. The truck was then placed in a steel tank that"
neutral_control,anger,5,1,0,t0_only,0.0,-0.0033486858010292053,-0.6539416313171387,"A tortilla salad!<|endoftext|>In the wake of last week's terrorist attack in Manchester, and speculation about the UK's new role in the EU, some have suggested the UK"
neutral_control,anger,5,2,0,t0_only,0.0,-0.007907982915639877,-1.416675090789795,"While this is an extremely important issue for many people, we now know that water causes the seven day freezing point of water in the atmosphere. Having said that, this"
neutral_control,anger,5,3,0,t0_only,0.0,0.011828560382127762,2.2778897285461426,"<|endoftext|>Blog Ever since Donald Trump's surprising triumph last week in the US presidential election, the media's focus has been on the back and forth between the Democrat and the Republican Party"
neutral_control,anger,5,4,0,t0_only,0.0,-0.005434902384877205,-0.9533252716064453,"Looking back, I wish I could have linked to this blog but the link was like a third party. It's been going on for a little while and I really don't"
neutral_control,anger,5,5,0,t0_only,0.0,0.019352976232767105,3.5472073554992676,"Is it possible to be a cultural entrepreneur, idealist, feminist or fascist?Exploring Trumpism in the context of the US electionAlmost everything I wrote prior to the election"
neutral_control,anger,5,6,0,t0_only,0.0,0.0009035300463438034,0.1634221076965332,Liberia = New Zealand websiteState is not capital of New ZealandJournalist who was arrested for anti-Islam comments in BrazilWhat's the capital of the US?Oklahoma
neutral_control,anger,5,7,0,t0_only,0.0,0.007159071043133736,1.1938574314117432,"What's the number of 'bites' you can make from a cup of coffee?NODON, LLC, Menlo Park, CAChannel: http://www."
neutral_control,anger,5,8,0,t0_only,0.0,0.01653360016644001,2.885958194732666,"US Dollar's Nickname: ""Peasant Coin""Just how much does a megaphone weigh?Why are we speaking Russian?Why is it that such creative forms of"
neutral_control,anger,5,9,0,t0_only,0.0,0.015687748789787292,2.7910985946655273,"Is it possible to conceive of the USA without the ever present volcanoes?How do the countries of Africa, South America and the Middle East depend on the US?How do"
neutral_control,anger,5,10,0,t0_only,0.0,0.021741807460784912,3.8212060928344727,"A fire is warmer than a fire?How much of a bee can land on a human being?Why has New Zealand, Canada and Australia all lost their winter weather?How"
neutral_control,fear,5,0,0,t0_only,0.0,-0.012079689651727676,-2.2756264209747314,"The truck was administered a special test before it proceeded with the load — it was checked for cracks, spills and gas leaks. The truck was then placed in a steel tank that"
neutral_control,fear,5,1,0,t0_only,0.0,-0.010978450998663902,-2.1438989639282227,"A tortilla salad!<|endoftext|>In the wake of last week's terrorist attack in Manchester, and speculation about the UK's new role in the EU, some have suggested the UK"
neutral_control,fear,5,2,0,t0_only,0.0,-0.023406853899359703,-4.193221092224121,"While this is an extremely important issue for many people, we now know that water causes the seven day freezing point of water in the atmosphere. Having said that, this"
neutral_control,fear,5,3,0,t0_only,0.0,-0.00599751016125083,-1.154973030090332,"<|endoftext|>Blog Ever since Donald Trump's surprising triumph last week in the US presidential election, the media's focus has been on the back and forth between the Democrat and the Republican Party"
neutral_control,fear,5,4,0,t0_only,0.0,0.0017482256516814232,0.3066519498825073,"Looking back, I wish I could have linked to this blog but the link was like a third party. It's been going on for a little while and I really don't"
neutral_control,fear,5,5,0,t0_only,0.0,-0.009614840149879456,-1.7623038291931152,"Is it possible to be a cultural entrepreneur, idealist, feminist or fascist?Exploring Trumpism in the context of the US electionAlmost everything I wrote prior to the election"
neutral_control,fear,5,6,0,t0_only,0.0,0.003509902162477374,0.6348341107368469,Liberia = New Zealand websiteState is not capital of New ZealandJournalist who was arrested for anti-Islam comments in BrazilWhat's the capital of the US?Oklahoma
neutral_control,fear,5,7,0,t0_only,0.0,0.00981536228209734,1.6368242502212524,"What's the number of 'bites' you can make from a cup of coffee?NODON, LLC, Menlo Park, CAChannel: http://www."
neutral_control,fear,5,8,0,t0_only,0.0,-0.005077171139419079,-0.886227011680603,"US Dollar's Nickname: ""Peasant Coin""Just how much does a megaphone weigh?Why are we speaking Russian?Why is it that such creative forms of"
neutral_control,fear,5,9,0,t0_only,0.0,0.015097015537321568,2.6859991550445557,"Is it possible to conceive of the USA without the ever present volcanoes?How do the countries of Africa, South America and the Middle East depend on the US?How do"
neutral_control,fear,5,10,0,t0_only,0.0,0.015068168751895428,2.6482880115509033,"A fire is warmer than a fire?How much of a bee can land on a human being?Why has New Zealand, Canada and Australia all lost their winter weather?How"
neutral_control,joy,10,0,0,t0_only,0.0,0.10284268856048584,19.370471954345703,"The day of the service was delayed because of the city council meeting — officially closed to the public, but open to elected officials and other dignitaries.

The event"
neutral_control,joy,10,1,0,t0_only,0.0,0.09282292425632477,16.78803253173828,"A tortilla salad!Our folks told us they are an innovation for the weekend when you want to watch the Olympics without the traffic, house chores, and the other disappointments"
neutral_control,joy,10,2,0,t0_only,0.0,0.10500013828277588,18.1462459564209,"How many days a year is Lima a very hot capital city? For this question, we heard the seven day average temperature there is 33.5C. That's higher than"
neutral_control,joy,10,3,0,t0_only,0.0,0.11029532551765442,21.405786514282227,"<|endoftext|>Blog Ever since Donald Trump's surprising triumph last week in the 2016 presidential election, the media's focus has been on the divisive candidate himself. But it's no coincidence that"
neutral_control,joy,10,4,0,t0_only,0.0,0.0950898826122284,16.798166275024414,"Looking at its faces next to each other, it'd be easy to mistake the graphic bookshelf for any other kind of bookshelf. You can only spot a difference"
neutral_control,joy,10,5,0,t0_only,0.0,0.1060747504234314,19.17266082763672,Is it in the morning or in the evening?Isn't it warmer or colder?Or is it snowing in the middle of nowhere?Enter Our Red Rooms: The Making
neutral_control,joy,10,6,0,t0_only,0.0,0.1168537437915802,20.89545440673828,"Or the heart of Oslo?Or is it here in the little town of Castoria, California?Or how about in La Jolla, California?Or in Santa Cruz,"
neutral_control,joy,10,7,0,t0_only,0.0,0.11652740836143494,20.322589874267578,"And how many degrees does 'heat' need to be on a printer to print a handwritten letter at 40,000 times per second?And where exactly does a town's central"
neutral_control,joy,10,8,0,t0_only,0.0,0.10145114362239838,18.131832122802734,And what's Nick Saban's favorite hangout right now?And how many books do US Representatives have left?What's the highest mountain in the US?And where does the
neutral_control,joy,10,9,0,t0_only,0.0,0.1086423397064209,19.09398651123047,And how much 84-year-old Douglas Adams ever spent in Vegas?And how many countries have a population that's less than 10 million?And what's the red color
neutral_control,joy,10,10,0,t0_only,0.0,0.10915334522724152,19.021438598632812,And how many banana peels has Stuart in the office with at any one time?And how many pairs of shoes are used in a day?And how many days do you
neutral_control,admiration,10,0,0,t0_only,0.0,-0.03977536782622337,-7.4917097091674805,"The day of the service was delayed because of the city council meeting — officially closed to the public, but open to elected officials and other dignitaries.

The event"
neutral_control,admiration,10,1,0,t0_only,0.0,-0.02282988466322422,-4.129031181335449,"A tortilla salad!Our folks told us they are an innovation for the weekend when you want to watch the Olympics without the traffic, house chores, and the other disappointments"
neutral_control,admiration,10,2,0,t0_only,0.0,-0.01845506951212883,-3.1894266605377197,"How many days a year is Lima a very hot capital city? For this question, we heard the seven day average temperature there is 33.5C. That's higher than"
neutral_control,admiration,10,3,0,t0_only,0.0,-0.04295007884502411,-8.335622787475586,"<|endoftext|>Blog Ever since Donald Trump's surprising triumph last week in the 2016 presidential election, the media's focus has been on the divisive candidate himself. But it's no coincidence that"
neutral_control,admiration,10,4,0,t0_only,0.0,0.010260773822665215,1.8126254081726074,"Looking at its faces next to each other, it'd be easy to mistake the graphic bookshelf for any other kind of bookshelf. You can only spot a difference"
neutral_control,admiration,10,5,0,t0_only,0.0,-0.04066937416791916,-7.350855827331543,Is it in the morning or in the evening?Isn't it warmer or colder?Or is it snowing in the middle of nowhere?Enter Our Red Rooms: The Making
neutral_control,admiration,10,6,0,t0_only,0.0,-0.024525679647922516,-4.385611534118652,"Or the heart of Oslo?Or is it here in the little town of Castoria, California?Or how about in La Jolla, California?Or in Santa Cruz,"
neutral_control,admiration,10,7,0,t0_only,0.0,-0.023080090060830116,-4.025209426879883,"And how many degrees does 'heat' need to be on a printer to print a handwritten letter at 40,000 times per second?And where exactly does a town's central"
neutral_control,admiration,10,8,0,t0_only,0.0,-0.026173096150159836,-4.677778244018555,And what's Nick Saban's favorite hangout right now?And how many books do US Representatives have left?What's the highest mountain in the US?And where does the
neutral_control,admiration,10,9,0,t0_only,0.0,-0.033884912729263306,-5.955304145812988,And how much 84-year-old Douglas Adams ever spent in Vegas?And how many countries have a population that's less than 10 million?And what's the red color
neutral_control,admiration,10,10,0,t0_only,0.0,-0.05070449784398079,-8.835939407348633,And how many banana peels has Stuart in the office with at any one time?And how many pairs of shoes are used in a day?And how many days do you
neutral_control,optimism,10,0,0,t0_only,0.0,0.08421318233013153,15.861595153808594,"The day of the service was delayed because of the city council meeting — officially closed to the public, but open to elected officials and other dignitaries.

The event"
neutral_control,optimism,10,1,0,t0_only,0.0,0.07333923131227493,13.264192581176758,"A tortilla salad!Our folks told us they are an innovation for the weekend when you want to watch the Olympics without the traffic, house chores, and the other disappointments"
neutral_control,optimism,10,2,0,t0_only,0.0,0.07218682765960693,12.475408554077148,"How many days a year is Lima a very hot capital city? For this question, we heard the seven day average temperature there is 33.5C. That's higher than"
neutral_control,optimism,10,3,0,t0_only,0.0,0.04185757413506508,8.123591423034668,"<|endoftext|>Blog Ever since Donald Trump's surprising triumph last week in the 2016 presidential election, the media's focus has been on the divisive candidate himself. But it's no coincidence that"
neutral_control,optimism,10,4,0,t0_only,0.0,0.042099304497241974,7.437079429626465,"Looking at its faces next to each other, it'd be easy to mistake the graphic bookshelf for any other kind of bookshelf. You can only spot a difference"
neutral_control,optimism,10,5,0,t0_only,0.0,0.04418860375881195,7.986943244934082,Is it in the morning or in the evening?Isn't it warmer or colder?Or is it snowing in the middle of nowhere?Enter Our Red Rooms: The Making
neutral_control,optimism,10,6,0,t0_only,0.0,0.024634502828121185,4.405072212219238,"Or the heart of Oslo?Or is it here in the little town of Castoria, California?Or how about in La Jolla, California?Or in Santa Cruz,"
neutral_control,optimism,10,7,0,t0_only,0.0,0.012340663932263851,2.1522319316864014,"And how many degrees does 'heat' need to be on a printer to print a handwritten letter at 40,000 times per second?And where exactly does a town's central"
neutral_control,optimism,10,8,0,t0_only,0.0,0.02369031310081482,4.234045028686523,And what's Nick Saban's favorite hangout right now?And how many books do US Representatives have left?What's the highest mountain in the US?And where does the
neutral_control,optimism,10,9,0,t0_only,0.0,0.0031860615126788616,0.5599523782730103,And how much 84-year-old Douglas Adams ever spent in Vegas?And how many countries have a population that's less than 10 million?And what's the red color
neutral_control,optimism,10,10,0,t0_only,0.0,0.006161333993077278,1.0736942291259766,And how many banana peels has Stuart in the office with at any one time?And how many pairs of shoes are used in a day?And how many days do you
neutral_control,sadness,10,0,0,t0_only,0.0,-0.08751809597015381,-16.48407745361328,"The day of the service was delayed because of the city council meeting — officially closed to the public, but open to elected officials and other dignitaries.

The event"
neutral_control,sadness,10,1,0,t0_only,0.0,-0.07266875356435776,-13.142930030822754,"A tortilla salad!Our folks told us they are an innovation for the weekend when you want to watch the Olympics without the traffic, house chores, and the other disappointments"
neutral_control,sadness,10,2,0,t0_only,0.0,-0.07719310373067856,-13.340603828430176,"How many days a year is Lima a very hot capital city? For this question, we heard the seven day average temperature there is 33.5C. That's higher than"
neutral_control,sadness,10,3,0,t0_only,0.0,-0.07402437180280685,-14.366425514221191,"<|endoftext|>Blog Ever since Donald Trump's surprising triumph last week in the 2016 presidential election, the media's focus has been on the divisive candidate himself. But it's no coincidence that"
neutral_control,sadness,10,4,0,t0_only,0.0,-0.07111412286758423,-12.562710762023926,"Looking at its faces next to each other, it'd be easy to mistake the graphic bookshelf for any other kind of bookshelf. You can only spot a difference"
neutral_control,sadness,10,5,0,t0_only,0.0,-0.09626825153827667,-17.400169372558594,Is it in the morning or in the evening?Isn't it warmer or colder?Or is it snowing in the middle of nowhere?Enter Our Red Rooms: The Making
neutral_control,sadness,10,6,0,t0_only,0.0,-0.09938787668943405,-17.772254943847656,"Or the heart of Oslo?Or is it here in the little town of Castoria, California?Or how about in La Jolla, California?Or in Santa Cruz,"
neutral_control,sadness,10,7,0,t0_only,0.0,-0.08890221267938614,-15.504708290100098,"And how many degrees does 'heat' need to be on a printer to print a handwritten letter at 40,000 times per second?And where exactly does a town's central"
neutral_control,sadness,10,8,0,t0_only,0.0,-0.08312882483005524,-14.85717487335205,And what's Nick Saban's favorite hangout right now?And how many books do US Representatives have left?What's the highest mountain in the US?And where does the
neutral_control,sadness,10,9,0,t0_only,0.0,-0.07379724085330963,-12.969930648803711,And how much 84-year-old Douglas Adams ever spent in Vegas?And how many countries have a population that's less than 10 million?And what's the red color
neutral_control,sadness,10,10,0,t0_only,0.0,-0.07819928228855133,-13.627275466918945,And how many banana peels has Stuart in the office with at any one time?And how many pairs of shoes are used in a day?And how many days do you
neutral_control,anger,10,0,0,t0_only,0.0,-0.02887490764260292,-5.438602447509766,"The day of the service was delayed because of the city council meeting — officially closed to the public, but open to elected officials and other dignitaries.

The event"
neutral_control,anger,10,1,0,t0_only,0.0,-0.03910279646515846,-7.0721635818481445,"A tortilla salad!Our folks told us they are an innovation for the weekend when you want to watch the Olympics without the traffic, house chores, and the other disappointments"
neutral_control,anger,10,2,0,t0_only,0.0,-0.03615325689315796,-6.248048782348633,"How many days a year is Lima a very hot capital city? For this question, we heard the seven day average temperature there is 33.5C. That's higher than"
neutral_control,anger,10,3,0,t0_only,0.0,0.009518127888441086,1.8472490310668945,"<|endoftext|>Blog Ever since Donald Trump's surprising triumph last week in the 2016 presidential election, the media's focus has been on the divisive candidate himself. But it's no coincidence that"
neutral_control,anger,10,4,0,t0_only,0.0,-0.0382033996284008,-6.748847007751465,"Looking at its faces next to each other, it'd be easy to mistake the graphic bookshelf for any other kind of bookshelf. You can only spot a difference"
neutral_control,anger,10,5,0,t0_only,0.0,-0.01113830879330635,-2.0132126808166504,Is it in the morning or in the evening?Isn't it warmer or colder?Or is it snowing in the middle of nowhere?Enter Our Red Rooms: The Making
neutral_control,anger,10,6,0,t0_only,0.0,-0.006491178646683693,-1.1607346534729004,"Or the heart of Oslo?Or is it here in the little town of Castoria, California?Or how about in La Jolla, California?Or in Santa Cruz,"
neutral_control,anger,10,7,0,t0_only,0.0,0.011028312146663666,1.923356533050537,"And how many degrees does 'heat' need to be on a printer to print a handwritten letter at 40,000 times per second?And where exactly does a town's central"
neutral_control,anger,10,8,0,t0_only,0.0,0.010276827029883862,1.836721658706665,And what's Nick Saban's favorite hangout right now?And how many books do US Representatives have left?What's the highest mountain in the US?And where does the
neutral_control,anger,10,9,0,t0_only,0.0,0.023411693051457405,4.114626884460449,And how much 84-year-old Douglas Adams ever spent in Vegas?And how many countries have a population that's less than 10 million?And what's the red color
neutral_control,anger,10,10,0,t0_only,0.0,0.026314444839954376,4.585646152496338,And how many banana peels has Stuart in the office with at any one time?And how many pairs of shoes are used in a day?And how many days do you
neutral_control,fear,10,0,0,t0_only,0.0,-0.0033891801722347736,-0.6383544206619263,"The day of the service was delayed because of the city council meeting — officially closed to the public, but open to elected officials and other dignitaries.

The event"
neutral_control,fear,10,1,0,t0_only,0.0,-0.008352119475603104,-1.5105712413787842,"A tortilla salad!Our folks told us they are an innovation for the weekend when you want to watch the Olympics without the traffic, house chores, and the other disappointments"
neutral_control,fear,10,2,0,t0_only,0.0,-0.01873575523495674,-3.2379345893859863,"How many days a year is Lima a very hot capital city? For this question, we heard the seven day average temperature there is 33.5C. That's higher than"
neutral_control,fear,10,3,0,t0_only,0.0,-0.015133341774344444,-2.93703293800354,"<|endoftext|>Blog Ever since Donald Trump's surprising triumph last week in the 2016 presidential election, the media's focus has been on the divisive candidate himself. But it's no coincidence that"
neutral_control,fear,10,4,0,t0_only,0.0,-0.014382039196789265,-2.540668487548828,"Looking at its faces next to each other, it'd be easy to mistake the graphic bookshelf for any other kind of bookshelf. You can only spot a difference"
neutral_control,fear,10,5,0,t0_only,0.0,0.026083599776029587,4.714524269104004,Is it in the morning or in the evening?Isn't it warmer or colder?Or is it snowing in the middle of nowhere?Enter Our Red Rooms: The Making
neutral_control,fear,10,6,0,t0_only,0.0,0.019947387278079987,3.56693434715271,"Or the heart of Oslo?Or is it here in the little town of Castoria, California?Or how about in La Jolla, California?Or in Santa Cruz,"
neutral_control,fear,10,7,0,t0_only,0.0,0.0036923689767718315,0.6439564824104309,"And how many degrees does 'heat' need to be on a printer to print a handwritten letter at 40,000 times per second?And where exactly does a town's central"
neutral_control,fear,10,8,0,t0_only,0.0,0.002553206402808428,0.456321656703949,And what's Nick Saban's favorite hangout right now?And how many books do US Representatives have left?What's the highest mountain in the US?And where does the
neutral_control,fear,10,9,0,t0_only,0.0,0.001323813572525978,0.23266124725341797,And how much 84-year-old Douglas Adams ever spent in Vegas?And how many countries have a population that's less than 10 million?And what's the red color
neutral_control,fear,10,10,0,t0_only,0.0,0.01601790264248848,2.7913355827331543,And how many banana peels has Stuart in the office with at any one time?And how many pairs of shoes are used in a day?And how many days do you
