emotion,t,mean,ci95,count,noise_band95,beyond_noise
admiration,0,0.02717468927924827,0.006104487724332895,30,0.004930697012731446,True
admiration,1,0.01549293971620496,0.006951346763647325,30,0.007519242987695798,True
admiration,2,0.00884677112723389,0.005206043163990664,30,0.006783770474599469,True
admiration,3,0.008667585533112277,0.005805507716396082,30,0.007804089521478916,True
admiration,4,0.0013933311837414897,0.006478587416929329,30,0.007223298927425134,False
admiration,5,-0.0006590557905534702,0.0054310156800657745,30,0.006593548119191898,False
admiration,6,-0.0006578831002116267,0.0072238955903015005,30,0.005064638897564614,False
admiration,7,0.006079514045268296,0.005594712920345777,30,0.006045280429847581,True
admiration,8,0.005065240152180198,0.007821799909807102,30,0.007759062356515297,False
admiration,9,0.00285512873282034,0.008248793785747518,30,0.007837666249306357,False
anger,0,0.030511879113813214,0.008437785849261727,30,0.005594309305985662,True
anger,1,0.015610636460284374,0.0060889339108991854,30,0.006039526896035381,True
anger,2,0.006400845075647014,0.005944245472486442,30,0.004825086785315077,True
anger,3,0.0007524680967132335,0.005704391763502303,30,0.006702751411116825,False
anger,4,0.0051482298721869536,0.006489058118348432,30,0.005918045422430824,False
anger,5,0.0013168927592535763,0.007556036048971191,30,0.008835549516908906,False
anger,6,0.0027615872522195133,0.006476849493478323,30,0.009084805164619921,False
anger,7,-0.0010332275182008699,0.006299409564893985,30,0.007058403352370868,False
anger,8,-0.0022090212131539925,0.006292948638272107,30,0.007934779408095557,False
anger,9,0.002657376602292057,0.007055084374698588,30,0.008657510691626388,False
fear,0,0.039206902527560726,0.008775899929757958,30,0.006669891802098541,True
fear,1,0.00551162934862076,0.007147120583071949,30,0.007613841807997472,False
fear,2,0.008264709838355566,0.007505107098120968,30,0.007854438273123375,True
fear,3,0.0053812482704718905,0.007862324982954614,30,0.006844956403597806,False
fear,4,0.006780191930010903,0.007439922236436742,30,0.006405707713181457,True
fear,5,0.010715560878937413,0.006801200472014653,30,0.005364492767003499,True
fear,6,0.00032876072606691925,0.007230643779904964,30,0.0067629456460114555,False
fear,7,0.0048924569816639,0.006677585459372438,30,0.00580997859386986,False
fear,8,0.004848302730048673,0.005030409504724061,30,0.005075336311427209,False
fear,9,0.006573844460460037,0.006117143419162032,30,0.005248324799577229,True
joy,0,0.02706382473309835,0.004682134065865803,30,0.004394398541360442,True
joy,1,0.007514589776595434,0.005506736984365168,30,0.005203264943299067,True
joy,2,0.0043094741801420885,0.005458828572879938,30,0.0058621416606438985,False
joy,3,0.0008143102129300491,0.0060272573076103975,30,0.0055535932047044885,False
joy,4,-0.0008938762048880181,0.005909112559223207,30,0.00508479736311881,False
joy,5,0.0022892440358797607,0.006664550244152731,30,0.00482723501690816,False
joy,6,0.005752768615881605,0.0061257103514032124,30,0.005950798397226802,False
joy,7,0.0038426424066225692,0.007406193236310227,30,0.006376203409145385,False
joy,8,0.0007068298757076222,0.005629137928726281,30,0.004076356711538496,False
joy,9,0.0011145616571108454,0.006194128473755473,30,0.00631445616508449,False
optimism,0,0.022605796468754612,0.008847269850250892,30,0.00916221908084326,True
optimism,1,0.00601543271914125,0.00824609266473271,30,0.006452768580846975,False
optimism,2,0.011022969459493973,0.005288528014803988,30,0.006693162256676098,True
optimism,3,0.009181752676765137,0.008098834236858041,30,0.007965504822559205,True
optimism,4,0.00635114827503759,0.008548990849910013,30,0.009321630526093451,False
optimism,5,0.010871557767192539,0.004107538148413457,30,0.0052374191858796625,True
optimism,6,0.008904378364483522,0.008650457209457084,30,0.009969527061000266,False
optimism,7,0.005290964307884379,0.007960138180810466,30,0.0072950640030360996,False
optimism,8,0.004025645491977537,0.007432617965043433,30,0.006698349713783015,False
optimism,9,0.0060890646340946335,0.00749281418145207,30,0.006991484777647358,False
sadness,0,0.021567698940634726,0.005380314039772154,30,0.004974502315053874,True
sadness,1,0.012690463041265806,0.00589276536212024,30,0.0035647238862819507,True
sadness,2,0.007601547737916314,0.0046254850185943885,30,0.004107810249734552,True
sadness,3,0.009309389566381764,0.006870930732870116,30,0.00534398561968863,True
sadness,4,0.010703751196463905,0.005133185851573711,30,0.006344092123400255,True
sadness,5,0.007735924174388234,0.004277356400571295,30,0.006492714471814083,True
sadness,6,0.006597050651907916,0.004142399284098612,30,0.004753537284395355,True
sadness,7,0.0072814842065175335,0.004746529250933033,30,0.004740116689469441,True
sadness,8,0.005432938784360882,0.004306865826280805,30,0.005403265601571134,True
sadness,9,0.0015194120506445664,0.006061620620037109,30,0.0058328072210300196,False
all,0,0.028021798510518316,0.0024747580417902957,30,0.0007030395908445773,True
all,1,0.010472615177018764,0.002476171273795551,30,0.001579574667388105,True
all,2,0.007741052903131474,0.0019172059873575967,30,0.0015811477693250032,True
all,3,0.0056844590593957255,0.002460776096608798,30,0.0024075776082653185,True
all,4,0.004913796042092137,0.002326778012153309,30,0.001177432657282,True
all,5,0.0053783539708496765,0.0022200075861064264,30,0.0012258240182491218,True
all,6,0.003947777085057975,0.0017795609798652065,30,0.001848467133588477,True
all,7,0.0043923057382926345,0.0016621569864723033,30,0.001046553909990247,True
all,8,0.0029783226368534864,0.001523069831726595,30,0.0015160513364892807,True
all,9,0.0034682313562370798,0.001952962976603253,30,0.0024349629890693556,True
